Open,High,Low,Close,Volume,Symbol,MA50,MA200,ATR,RSI,Price_Momentum,Volume_Change,MACD,Bollinger_High,Bollinger_Low,Stoch_%K,Stoch_%D,Keltner_High,Keltner_Low,Keltner_Middle,Rolling_Mean,Rolling_Std,Z-Score,Williams_%R,Symbol_Encoded,Date,Day_Sin,Day_Cos,Month_Sin,Month_Cos,Close_Diff,Label,Predicted_Label,Entry_Price,Stop_Loss,Take_Profit
29.94,30.02,29.93,30.02,500.0,VLGEA,28.2308,28.32975,0.2974353834068566,76.6178116001386,5.81600281988015,-0.9584924456251036,0.1822365469159886,29.790755573872698,27.2902444261273,92.38578680203037,92.70939136221058,28.732833333333332,28.31983333333333,28.526333333333337,28.5405,0.6413675766835959,2.306789513199666,-7.614213197969642,32.0,2024-08-19 11:00:00-04:00,-0.651372482722222,-0.7587581226927911,-0.8660254037844384,-0.5000000000000004,0.4499999999999993,-1,-1,30.02,30.614870766813713,29.12769384977943
30.96,30.96,30.74,30.93,2203.0,VLGEA,29.0154,28.688,0.3057727924470274,70.93195756095685,4.422687373396349,0.4149004495825306,0.0385491144860079,30.746034305998062,29.32496569400194,97.90209790209782,84.77078477078477,30.238833333333332,29.84583333333333,30.042333333333335,30.035500000000003,0.3644964081839301,2.454070821868345,-2.097902097902178,32.0,2024-08-22 09:30:00-04:00,-0.968077118866204,-0.2506525322587213,-0.8660254037844384,-0.5000000000000004,0.5,0,-1,30.93,31.541545584894056,30.012681622658917
31.68,31.69,31.59,31.63,3376.0,VLGEA,29.7936,28.9826,0.2984947073659236,72.20230493623586,4.874005305039784,-0.2527667109340415,0.0621359144909021,31.746831288680667,29.736168711319323,96.68508287292804,89.99351247279424,30.9825,30.5185,30.7505,30.741499999999995,0.5157240694301212,1.7228205016333695,-3.314917127071945,32.0,2024-08-26 09:30:00-04:00,-0.848644257494751,0.5289640103269624,-0.8660254037844384,-0.5000000000000004,0.2399999999999984,0,-1,31.63,32.22698941473185,30.73451587790223
33.19,33.5,33.12,33.5,703.0,VLGEA,31.962999999999997,30.47475,0.2915110886629958,71.11521831446976,2.258852258852265,-0.829987908101572,0.0447378616900684,33.47802260751304,31.57597739248696,100.0,80.61638280616368,32.73833333333334,32.285333333333334,32.51183333333333,32.527,0.4878643038259768,1.9944070356643109,-0.0,32.0,2024-09-17 09:30:00-04:00,-0.2993631229733582,-0.9541392564000488,-1.0,-1.8369701987210294e-16,0.7100000000000009,0,-1,33.5,34.083022177325994,32.62546673401101
73.97,74.41,73.85,74.41,17809.0,CCOI,70.4092,66.72275,0.8396970781576573,73.02762034680103,3.620665645453271,-0.2666666666666667,0.1661747570919476,74.41183449251228,69.61916550748772,100.0,88.10148731408572,72.72983333333333,71.26983333333334,71.99983333333333,72.0155,1.2292936568362829,1.9478665546542335,-0.0,2.0,2024-08-15 14:00:00-04:00,0.1011683219874327,-0.994869323391895,-0.8660254037844384,-0.5000000000000004,0.5600000000000023,0,-1,74.41,76.08939415631531,71.89090876552703
75.33,75.98,75.27,75.87,60062.0,CCOI,72.2508,67.95945,0.7453633028356249,72.60797366635508,3.000271517784426,2.773686855993968,0.1160866538221641,75.62100148669904,72.42599851330095,96.80232558139537,95.60849470174206,74.68283333333333,73.25483333333332,73.96883333333332,74.0235,0.8195009713885358,2.2532005018509698,-3.197674418604637,2.0,2024-08-19 15:00:00-04:00,-0.651372482722222,-0.7587581226927911,-0.8660254037844384,-0.5000000000000004,0.5100000000000051,0,-1,75.87,77.36072660567126,73.63391009149314
75.36,76.33,75.17,76.33,16210.0,CCOI,72.40280000000001,68.05,0.7749802097759372,74.8549512222378,3.963497684554613,-0.7301122173753788,0.1529971856459372,76.0315299034283,72.2944700965717,100.0,97.9031806920802,74.83399999999999,73.371,74.10249999999999,74.163,0.9585356155705989,2.2607402007801514,-0.0,2.0,2024-08-20 09:30:00-04:00,-0.7907757369376986,-0.6121059825476627,-0.8660254037844384,-0.5000000000000004,0.4599999999999937,0,-1,76.33,77.87996041955188,74.00505937067219
73.89,74.23,73.58,74.23,37241.0,CCOI,71.6798,71.98845,0.7484634072207997,67.2429729536953,2.456866804692893,-0.0493439526216368,0.1065257939731278,74.11894992077283,71.56305007922715,100.0,96.97898301290115,73.55499999999999,72.007,72.781,72.841,0.6555744768809377,2.1187524056893285,-0.0,2.0,2024-09-24 13:00:00-04:00,-0.9884683243281114,0.1514277775045766,-1.0,-1.8369701987210294e-16,0.3400000000000034,0,-1,74.23,75.7269268144416,71.9846097783376
74.25,75.14,74.07,75.12,32806.0,CCOI,71.735,72.00645,0.7714303067050289,72.51400699885481,2.6650266502665065,-0.1190891759082731,0.1678828953260059,74.57730491945908,71.37369508054091,99.4910941475828,98.74733222488618,73.70016666666666,72.09416666666667,72.89716666666666,72.9755,0.8217085858142594,2.6098060030308052,-0.5089058524172007,2.0,2024-09-24 14:00:00-04:00,-0.9884683243281114,0.1514277775045766,-1.0,-1.8369701987210294e-16,0.8900000000000006,0,-1,75.12,76.66286061341006,72.80570907988492
74.65,76.35,74.43,75.79,22400.0,CCOI,72.7614,72.0583,0.7937462444237479,72.38807979839345,3.992864983534593,1.8684850813164295,0.1786918934509715,75.46186956021998,72.05813043978,85.26315789473715,85.6987913132586,74.50800000000001,72.949,73.7285,73.75999999999999,0.8730406634291951,2.3252067000252064,-14.736842105262856,2.0,2024-09-27 10:00:00-04:00,-0.72479278722912,0.6889669190756865,-1.0,-1.8369701987210294e-16,1.0100000000000051,-1,-1,75.79,77.37749248884751,73.40876126672876
18.52,18.69,18.38,18.5854,14760.0,CMT,17.963588,17.712250500000003,0.2512797659058433,71.04144311078326,3.4245965498052375,2.215686274509804,0.0733460639996478,18.46468464053225,17.54610535946775,90.490909090909,82.12696969696971,18.231185,17.768365,17.999775,18.005395,0.2356106142615301,2.461709977786436,-9.50909090909102,6.0,2024-08-23 13:00:00-04:00,-0.9987165071710528,-0.0506491688387135,-0.8660254037844384,-0.5000000000000004,0.1753,0,-1,18.5854,19.087959531811688,17.83156070228247
18.3,18.3,18.3,18.3,100.0,CMT,17.56932,17.662618499999997,0.1641992674075794,70.60602194180908,2.693602693602696,-0.8763906056860321,0.0199437884554464,18.213131001565056,17.63535899843495,100.0,93.0739940310795,18.053275,17.806985,17.93013,17.924245000000003,0.1481953919130923,2.5355376786638266,-0.0,6.0,2024-09-16 11:00:00-04:00,-0.101168321987432,-0.9948693233918952,-1.0,-1.8369701987210294e-16,0.2200000000000024,0,-1,18.3,18.628398534815158,17.80740219777726
35.93,36.49,35.91,36.34,92791.0,WSC,34.498000000000005,38.23625,0.4528056640552741,74.09568833223283,4.335343095033033,0.5578892582519055,0.1930188315687417,35.93995779417169,33.541042205828305,85.3556485355651,73.95235232875648,35.0705,34.3995,34.735,34.7405,0.6153088655299842,2.599507482510118,-14.644351464434903,36.0,2024-08-15 11:00:00-04:00,0.1011683219874327,-0.994869323391895,-0.8660254037844384,-0.5000000000000004,0.4100000000000037,0,-1,36.34,37.24561132811055,34.98158300783418
37.49,38.06,37.44,37.82,353709.0,WSC,37.197,36.76845,0.4019755704135593,65.93865295051204,2.576620558719834,0.5356352080022924,0.158237780216061,37.53253686235967,36.04046313764034,87.2340425531914,90.9620821524826,37.1875,36.3855,36.7865,36.7865,0.3827088353192744,2.700486387093207,-12.7659574468086,36.0,2024-09-10 15:00:00-04:00,0.8978045395707416,-0.4403941515576344,-1.0,-1.8369701987210294e-16,0.3299999999999983,-1,-1,37.82,38.62395114082712,36.61407328875932
40.6,40.87,40.58,40.65,114623.0,WSC,39.5634,37.8404,0.524774115836917,63.26429443744359,1.7521902377972358,-0.6068927437221776,0.1274116832409406,41.17739054931504,37.92260945068495,90.83333333333336,92.6414768806073,40.10166666666667,39.00866666666666,39.555166666666665,39.55,0.8348337369926004,1.3176276320152491,-9.166666666666623,36.0,2024-09-23 13:00:00-04:00,-0.9987165071710528,-0.0506491688387135,-1.0,-1.8369701987210294e-16,0.0399999999999991,0,-1,40.65,41.69954823167383,39.07567765248925
37.15,37.16,36.88,36.92,22758.0,SSTK,36.6786,39.3841,0.52961573756445,56.28761405491952,2.783964365256125,-0.0821536600120992,0.1800907939649146,37.14851957319204,35.01548042680796,76.82926829268321,84.12140256371902,36.57266666666667,35.63066666666666,36.10166666666667,36.082,0.5471129970850647,1.5316762797899854,-23.170731707316783,28.0,2024-08-15 12:00:00-04:00,0.1011683219874327,-0.994869323391895,-0.8660254037844384,-0.5000000000000004,-0.1799999999999997,0,-1,36.92,37.9792314751289,35.33115278730665
34.55,34.6,34.27,34.27,18734.0,SSTK,35.37,38.829150000000006,0.53352787684125,48.304361518322295,3.691376701966736,0.0720457796852647,0.1916107010973231,35.66353221853041,32.37346778146959,78.68020304568554,79.44024197383409,34.65683333333333,33.471833333333336,34.06433333333333,34.0185,0.8438837223474082,0.2980268410681147,-21.31979695431446,28.0,2024-08-23 14:00:00-04:00,-0.9987165071710528,-0.0506491688387135,-0.8660254037844384,-0.5000000000000004,-0.3099999999999951,0,-1,34.27,35.337055753682506,32.66941636947625
34.77,35.21,34.71,35.1,67126.0,SSTK,33.5896,34.952949999999994,0.484443192022626,71.11270585121551,6.33141472281128,0.3135175328741391,0.2224120648539921,35.02830054344022,32.249699456559775,95.6521739130435,92.54471863167528,34.101,33.123,33.612,33.638999999999996,0.7126961410549044,2.049961990586187,-4.3478260869564975,28.0,2024-09-17 14:00:00-04:00,-0.2993631229733582,-0.9541392564000488,-1.0,-1.8369701987210294e-16,0.3299999999999983,0,-1,35.1,36.06888638404526,33.64667042393212
69.95,70.51,69.81,70.48,448870.0,WDC,66.41,64.1768,0.9414562286333416,72.0481129654648,7.1613197506462045,-0.1219064647575153,0.4293745266629717,70.64268781158313,63.534312188416855,84.60291734197727,76.98541329011336,67.96183333333333,66.22883333333333,67.09533333333334,67.0885,1.8232598769646051,1.8601297833889896,-15.397082658022732,35.0,2024-09-26 14:00:00-04:00,-0.848644257494751,0.5289640103269624,-1.0,-1.8369701987210294e-16,0.5400000000000063,0,-1,70.48,72.36291245726669,67.65563131409998
57.42,57.63,57.41,57.46,96589.0,BYD,55.97559999999999,57.5321,0.4620912271655107,68.0215019291428,2.0603907637655485,1.3526732432103277,0.1207056076829727,57.27674210190246,55.49625789809754,71.10091743119263,65.44342507645253,56.75783333333332,56.048833333333334,56.40333333333333,56.3865,0.4566845623333523,2.350637811173508,-28.89908256880737,1.0,2024-08-15 11:00:00-04:00,0.1011683219874327,-0.994869323391895,-0.8660254037844384,-0.5000000000000004,0.0700000000000002,0,-1,57.46,58.384182454331025,56.07372631850347
59.48,60.01,59.48,59.87,102232.0,BYD,58.300999999999995,58.1039,0.3644263308832197,71.94628135100105,1.3200203080047284,2.7361400431239264,0.0198323496945465,59.55553897835156,58.33046102164845,90.96774193548382,70.90229079008884,59.267,58.617,58.94199999999999,58.943000000000005,0.3142258657985233,2.950107234629661,-9.03225806451618,1.0,2024-08-23 10:00:00-04:00,-0.9987165071710528,-0.0506491688387135,-0.8660254037844384,-0.5000000000000004,0.3900000000000005,0,-1,59.87,60.598852661766436,58.77672100735034
60.36,61.67,60.17,61.61,128437.0,BYD,59.8428,58.3046,0.5091131528026362,69.4053449767743,3.494036620191497,-0.0855061731911197,0.1045644881268817,60.99463842684348,58.66836157315653,97.82608695652166,51.05575670102237,60.23916666666666,59.40716666666666,59.823166666666665,59.831500000000005,0.596677423209894,2.980672522235467,-2.1739130434783394,1.0,2024-09-04 09:30:00-04:00,0.72479278722912,0.6889669190756866,-1.0,-1.8369701987210294e-16,2.240000000000002,0,-1,61.61,62.628226305605274,60.08266054159209
61.05,61.65,60.82,61.43,108371.0,BYD,59.988,58.38309999999999,0.5587793517892424,69.43085277347893,4.757844474761254,1.0101461641193057,0.3282030943793178,61.04349775387821,57.370502246121774,94.47236180904524,97.05325179950135,59.699333333333335,58.65733333333334,59.17833333333333,59.206999999999994,0.942103469566033,2.3596134308092513,-5.527638190954749,1.0,2024-09-13 10:00:00-04:00,0.485301962531081,-0.8743466161445821,-1.0,-1.8369701987210294e-16,0.4099999999999966,-1,-1,61.43,62.54755870357848,59.75366194463227
64.04,64.5,64.03,64.5,54020.0,BYD,62.58,60.03205,0.4422514727943001,69.7637626806598,0.986378581493663,-0.4636882601141723,-0.0666116700207154,64.63256848958163,63.31843151041837,90.90909090909138,65.45454545454614,64.45016666666666,63.52716666666667,63.988666666666674,63.9755,0.3370690230740225,1.5560611153663315,-9.09090909090862,1.0,2024-09-23 12:00:00-04:00,-0.9987165071710528,-0.0506491688387135,-1.0,-1.8369701987210294e-16,0.4599999999999937,0,-1,64.5,65.3845029455886,63.1732455816171
64.86,65.37,64.53,64.92,30737.0,BYD,62.9632,60.193000000000005,0.4628450206809141,71.30479241832992,1.4375000000000029,-0.8508983836855075,-0.0271809150276468,64.64582942917319,63.61417057082681,75.93582887700525,69.55436720142605,64.53,63.759,64.14450000000001,64.13,0.2646149138500669,2.9854704275951236,-24.064171122994747,1.0,2024-09-24 09:30:00-04:00,-0.9884683243281114,0.1514277775045766,-1.0,-1.8369701987210294e-16,0.6700000000000017,0,-1,64.92,65.84569004136183,63.53146493795726
65.52,65.73,65.18,65.48,15920.0,BYD,64.1044,60.97055,0.4194065886956154,70.00663319914963,2.025553131816761,-0.8492252907527371,0.0666544597610923,65.19481007017413,63.71418992982586,86.18784530386742,82.11911227643077,64.81883333333333,64.11583333333334,64.46733333333334,64.4545,0.3797710529146524,2.700311127268758,-13.81215469613258,1.0,2024-09-27 09:30:00-04:00,-0.72479278722912,0.6889669190756865,-1.0,-1.8369701987210294e-16,0.6200000000000045,0,-1,65.48,66.31881317739123,64.22178023391315
65.43,65.86,65.42,65.77,29936.0,BYD,64.1656,61.0074,0.4208775466459284,72.94854178533089,2.7174761830391923,0.8804020100502512,0.1023912805550333,65.4593252380608,63.5926747619392,95.36082474226788,87.06989566509606,64.86966666666666,64.18266666666668,64.52616666666667,64.526,0.4787857448525503,2.598239428333668,-4.63917525773214,1.0,2024-09-27 10:00:00-04:00,-0.72479278722912,0.6889669190756865,-1.0,-1.8369701987210294e-16,0.289999999999992,0,-1,65.77,66.61175509329185,64.5073673600622
50.8,50.93,50.73,50.91,82374.0,REXR,49.81,49.36755,0.3006234124109262,68.77768842884026,0.8118811881188052,3.0266901305176708,0.0409744104755472,50.85399001499661,49.52700998500339,98.19819819819791,85.80256826188106,50.45550000000001,49.8965,50.176,50.1905,0.3403631961055877,2.1139183326295736,-1.8018018018020845,27.0,2024-08-19 10:00:00-04:00,-0.651372482722222,-0.7587581226927911,-0.8660254037844384,-0.5000000000000004,0.1499999999999985,0,-1,50.91,51.511246824821846,50.00812976276722
51.09,51.27,50.94,51.25,274591.0,REXR,50.3824,49.68215,0.2238340530534183,68.18971227407728,0.7470021623746856,2.5097781072651975,-0.0119689425109301,51.14914879967623,50.71385120032377,96.22641509433905,68.10445720535922,51.11116666666667,50.72816666666667,50.919666666666664,50.9315,0.1116514784125658,2.852626803767917,-3.773584905660959,27.0,2024-08-21 15:00:00-04:00,-0.8978045395707417,-0.4403941515576342,-0.8660254037844384,-0.5000000000000004,0.1599999999999966,0,-1,51.25,51.69766810610684,50.578497840839745
51.43,52.01,51.43,52.0,77097.0,REXR,50.6418,49.745149999999995,0.2545499905268019,76.80513185693741,1.781170483460553,3.683046832290591,0.047650415873177,51.57825285609373,50.54974714390627,99.212598425197,79.45422023056594,51.275666666666666,50.834666666666664,51.055166666666665,51.064,0.2638061489250639,3.548059830348677,-0.7874015748029954,27.0,2024-08-23 10:00:00-04:00,-0.9987165071710528,-0.0506491688387135,-0.8660254037844384,-0.5000000000000004,0.5900000000000034,0,-1,52.0,52.5090999810536,51.236350028419594
52.18,52.56,52.15,52.46,44912.0,REXR,50.946000000000005,49.8094,0.2897340725712034,76.90663189798151,2.7619980411361484,2.4104335940466246,0.0807036187760987,52.3905208004019,50.4794791995981,91.07142857142864,83.00264550264573,51.699666666666666,51.15566666666667,51.42766666666667,51.435,0.4901718280897137,2.091103448345052,-8.928571428571345,27.0,2024-08-26 10:00:00-04:00,-0.848644257494751,0.5289640103269624,-0.8660254037844384,-0.5000000000000004,0.3299999999999983,0,-1,52.46,53.03946814514241,51.59079778228639
50.9,51.24,50.89,51.23,106117.0,REXR,49.952,50.33599999999999,0.3457007858375026,68.85964799176718,2.9334940727345664,0.6603091654410613,0.1383723312716216,51.20996268591771,49.06603731408228,99.43820224719072,90.7592361400101,50.471999999999994,49.801,50.1365,50.138,0.5499052549973186,1.9857966260121,-0.5617977528092758,27.0,2024-09-16 13:00:00-04:00,-0.101168321987432,-0.9948693233918952,-1.0,-1.8369701987210294e-16,0.3299999999999983,0,-1,51.23,51.921401571675005,50.19289764248749
52.0,52.24,52.0,52.18,86200.0,REXR,50.57639999999999,50.54639999999999,0.4045400485007229,68.80928089517064,1.6163583252190812,-0.2213188798554651,0.0459763430716143,51.98828010044976,50.77771989955023,95.65217391304331,87.49731036624587,51.774,51.02,51.397000000000006,51.383,0.3105021400046946,2.5668100064880512,-4.347826086956679,27.0,2024-09-19 12:00:00-04:00,-0.651372482722222,-0.7587581226927911,-1.0,-1.8369701987210294e-16,0.1899999999999977,0,-1,52.18,52.98908009700145,50.96637985449783
26.5,26.54,25.84,26.54,1603.0,KRT,25.592599999999997,27.519050000000004,0.341699456292141,70.2051791981617,5.025722200237434,-0.7135965695908523,0.1278411748132774,26.4252836403953,24.7327163596047,100.0,92.4773852193207,25.851333333333333,25.305333333333333,25.578333333333333,25.579,0.4341343473846979,2.2136004805637524,-0.0,18.0,2024-08-26 09:30:00-04:00,-0.848644257494751,0.5289640103269624,-0.8660254037844384,-0.5000000000000004,0.2100000000000008,0,-1,26.54,27.22339891258428,25.514901631123575
25.37,25.56,25.29,25.56,3071.0,KRT,24.4918,25.46775,0.2196222532375954,70.28371591653914,2.857142857142846,0.1374074074074074,0.0901446891255178,25.521835025006123,24.01116497499388,100.0,94.70991970991982,24.9045,24.5665,24.7355,24.7665,0.3874786921139905,2.0478545430997843,-0.0,18.0,2024-09-13 13:00:00-04:00,0.485301962531081,-0.8743466161445821,-1.0,-1.8369701987210294e-16,0.3699999999999974,0,-1,25.56,25.99924450647519,24.901133240287212
26.87,26.87,26.48,26.78,1255.0,KRT,25.2356,25.24585,0.2750844467905747,73.90627246571225,3.158705701078583,-0.2690739662201514,0.0320099518378589,26.590867110705112,25.242132889294897,92.8,72.55398734336787,26.09116666666667,25.711166666666667,25.901166666666665,25.916500000000003,0.3459430284708273,2.4960757377216973,-7.199999999999989,18.0,2024-09-19 10:00:00-04:00,-0.651372482722222,-0.7587581226927911,-1.0,-1.8369701987210294e-16,0.370000000000001,0,-1,26.78,27.33016889358115,25.954746659628277
35.28,36.26,34.91,36.16,245174.0,MTCH,34.664,34.35865,0.4100511501589719,68.53254173289172,2.089215132693379,-0.6180120497883419,0.0708381918290124,35.93279838270569,34.02220161729431,94.3502824858756,72.66015093405893,35.3005,34.5745,34.9375,34.9775,0.4900577302189994,2.4129810164846415,-5.6497175141243865,23.0,2024-08-19 09:30:00-04:00,-0.651372482722222,-0.7587581226927911,-0.8660254037844384,-0.5000000000000004,0.9699999999999988,0,-1,36.16,36.98010230031794,34.92984654952308
36.19,36.46,36.18,36.35,456114.0,MTCH,34.6994,34.38605,0.4021903537190456,70.25177513487466,2.654617339734552,0.8603685545775652,0.1227354119177455,36.16808150631866,33.97491849368134,94.41624365482237,84.5766765967776,35.383833333333335,34.685833333333335,35.03483333333334,35.0715,0.5625344433899351,2.272749722302384,-5.5837563451776395,23.0,2024-08-19 10:00:00-04:00,-0.651372482722222,-0.7587581226927911,-0.8660254037844384,-0.5000000000000004,0.1900000000000048,0,-1,36.35,37.154380707438094,35.14342893884287
36.37,36.66,36.37,36.48,329964.0,MTCH,34.7358,34.41455,0.3956053284533992,71.40302019252832,2.328190743338004,-0.2765755929438692,0.1557576365391474,36.39056198528649,33.95443801471351,91.70506912442396,93.49053175504064,35.49516666666666,34.78016666666666,35.13766666666667,35.1725,0.6248526142009024,2.092493446109854,-8.294930875576044,23.0,2024-08-19 11:00:00-04:00,-0.651372482722222,-0.7587581226927911,-0.8660254037844384,-0.5000000000000004,0.1299999999999954,-1,-1,36.48,37.271210656906796,35.2931840146398
23.67,24.0,23.67,24.0,118831.0,UGI,23.7368,23.9201,0.1603797400044442,66.54838940926673,1.9541206457094344,0.6462463460925703,0.0564977825163115,23.864808859021014,23.237191140978982,100.0,76.90235690235681,23.676333333333336,23.40633333333333,23.541333333333338,23.551,0.1609805480240524,2.789156860945184,-0.0,31.0,2024-08-15 10:00:00-04:00,0.1011683219874327,-0.994869323391895,-0.8660254037844384,-0.5000000000000004,0.3399999999999998,0,-1,24.0,24.32075948000889,23.518860779986667
24.41,24.63,24.39,24.55,117342.0,UGI,23.8534,24.129300000000004,0.1546371152915608,66.12770961313214,0.0407497962510251,3.147093125993992,-0.0114206638937362,24.637086067019062,24.09091393298094,78.94736842105303,67.77237210673808,24.512666666666668,24.204666666666668,24.358666666666664,24.364,0.1400901965088159,1.3277160332078974,-21.052631578946976,31.0,2024-08-20 10:00:00-04:00,-0.7907757369376986,-0.6121059825476627,-0.8660254037844384,-0.5000000000000004,0.129999999999999,0,-1,24.55,24.85927423058312,24.08608865412532
24.51,24.57,24.46,24.56,159478.0,UGI,23.896,24.14935,0.1531309820626213,65.3554323695605,0.8210180623973699,-0.1274531796271878,-0.0131850788187623,24.63314352417017,24.181856475829836,80.55555555555544,75.97465886939601,24.556166666666662,24.24516666666667,24.40066666666667,24.4075,0.1157526855433969,1.3174640336342118,-19.444444444444553,31.0,2024-08-20 12:00:00-04:00,-0.7907757369376986,-0.6121059825476627,-0.8660254037844384,-0.5000000000000004,0.0499999999999971,0,-1,24.56,24.86626196412524,24.100607053812134
24.54,24.65,24.54,24.63,345626.0,UGI,23.9668,24.174449999999997,0.1394164604925579,67.81568928699653,0.6127450980392098,1.8376984843757695,-0.0123244944454243,24.652769292160148,24.267230707839857,94.73684210526324,84.35672514619898,24.591,24.318,24.4545,24.46,0.0988885603515453,1.7191068349630552,-5.263157894736744,31.0,2024-08-20 15:00:00-04:00,-0.7907757369376986,-0.6121059825476627,-0.8660254037844384,-0.5000000000000004,0.0799999999999983,0,-1,24.63,24.908832920985116,24.211750618522327
24.81,24.81,24.63,24.76,68500.0,UGI,23.9932,24.18285,0.1423152847430895,72.23372916842752,1.2264922322158656,-0.801808891692176,-0.0029167194762675,24.696329127192445,24.273670872807553,90.00000000000057,87.50487329434736,24.615666666666662,24.337666666666667,24.476666666666667,24.485,0.1084095548322503,2.5366767756359554,-9.999999999999432,31.0,2024-08-21 09:30:00-04:00,-0.8978045395707417,-0.4403941515576342,-0.8660254037844384,-0.5000000000000004,0.1300000000000025,0,-1,24.76,25.04463056948618,24.333054145770735
24.56,24.8,24.52,24.78,499143.0,UGI,24.338,24.277600000000003,0.1332676782508948,65.6102512172366,0.3645200486026725,2.1634375891244413,-0.0130388881160452,24.764736832111144,24.418263167888856,94.73684210526324,49.83846562793925,24.702499999999997,24.475500000000004,24.589,24.5915,0.0888686197649219,2.121108671414357,-5.263157894736744,31.0,2024-08-23 10:00:00-04:00,-0.9987165071710528,-0.0506491688387135,-0.8660254037844384,-0.5000000000000004,0.2300000000000004,0,-1,24.78,25.046535356501792,24.38019696524732
24.78,24.89,24.68,24.85,373502.0,UGI,24.467,24.30475,0.1367022295650786,65.0724109887469,1.511437908496736,0.075153859882439,0.0037166809570303,24.805915376179925,24.413084623820076,89.58333333333385,56.25000000000029,24.731833333333334,24.49283333333333,24.612333333333332,24.6095,0.1007589619886327,2.386884454279444,-10.416666666666142,31.0,2024-08-26 09:30:00-04:00,-0.848644257494751,0.5289640103269624,-0.8660254037844384,-0.5000000000000004,0.2300000000000004,0,-1,24.85,25.123404459130157,24.439893311304765
24.89,24.96,24.84,24.92,72753.0,UGI,24.5392,24.3179,0.1521869111466109,65.21090070259034,0.5649717514124316,-0.6257369206234888,0.0186870721369141,24.91805881716992,24.37394118283008,83.33333333333363,72.77777777777779,24.793333333333333,24.500333333333337,24.64683333333333,24.646,0.1395632284551152,1.963267853810947,-16.66666666666637,31.0,2024-08-26 13:00:00-04:00,-0.848644257494751,0.5289640103269624,-0.8660254037844384,-0.5000000000000004,0.0400000000000027,0,-1,24.92,25.224373822293224,24.46343926656017
25.0,25.29,24.97,25.29,132371.0,UGI,24.706999999999997,24.37545,0.1666487501595026,70.86315428398397,2.6379870129870073,-0.6324773510360356,0.0420984493879683,25.1230327620036,24.420967237996397,100.0,87.09732988802769,24.907666666666664,24.613666666666667,24.76066666666667,24.772,0.1800760073441776,2.87656311154185,-0.0,31.0,2024-09-04 09:30:00-04:00,0.72479278722912,0.6889669190756866,-1.0,-1.8369701987210294e-16,0.3699999999999974,0,-1,25.29,25.623297500319005,24.79005374952149
24.33,24.45,24.2,24.3,145594.0,UGI,23.8114,24.19775,0.161954697413453,66.58798390034141,1.7161992465466729,-0.6393179459103262,0.0287609208346006,24.23969545054257,23.780304549457423,78.26086956521752,73.96574440052704,24.157,23.863,24.01,24.01,0.1178312799145619,2.4611461422661143,-21.73913043478247,31.0,2024-09-19 09:30:00-04:00,-0.651372482722222,-0.7587581226927911,-1.0,-1.8369701987210294e-16,0.1400000000000005,0,-1,24.3,24.623909394826907,23.814135907759642
24.38,24.6,24.27,24.57,81272.0,UGI,24.103399999999997,24.29165,0.1568640900801031,66.11849149406834,2.16216216216216,-0.6475659361150381,0.0224889472431846,24.660729011543285,23.919270988456713,95.45454545454528,77.17337307501232,24.442333333333337,24.131333333333338,24.28683333333333,24.29,0.1901799701666701,1.472289640989082,-4.545454545454716,31.0,2024-09-24 09:30:00-04:00,-0.9884683243281114,0.1514277775045766,-1.0,-1.8369701987210294e-16,0.2800000000000011,0,-1,24.57,24.883728180160208,24.09940772975969
24.97,25.22,24.94,25.15,147085.0,UGI,24.609,24.4076,0.1630441763462702,67.39396347471802,2.028397565922921,1.2561817400908089,0.0115484532407902,25.0869694370052,24.5880305629948,89.85507246376804,81.5961621691173,24.9795,24.681500000000003,24.830499999999997,24.8375,0.1279751209371025,2.4418808727173476,-10.14492753623196,31.0,2024-09-30 10:00:00-04:00,-0.2012985200886611,0.9795299412524944,-1.0,-1.8369701987210294e-16,0.1699999999999981,0,-1,25.15,25.47608835269254,24.66086747096119
19.3,19.58,19.3,19.4309,2825.0,RCMT,18.754742,19.0982795,0.2180229555570132,66.35025650604554,2.7003171247357263,-0.1478129713423831,0.0508071836727266,19.27800039123727,18.557529608762728,86.44545454545478,92.81118326118336,19.052161666666667,18.762511666666665,18.90733666666667,18.917765,0.1847968565321838,2.776751778300057,-13.55454545454522,26.0,2024-08-16 12:00:00-04:00,-0.101168321987432,-0.9948693233918952,-0.8660254037844384,-0.5000000000000004,0.1782000000000003,-1,-1,19.4309,19.866945911114026,18.77683113332896
19.35,19.5299,19.35,19.485,1529.0,RCMT,18.773442,19.104554500000003,0.2152998873029408,67.37454084967197,2.5526315789473655,-0.4587610619469027,0.0632223003346546,19.384466848512137,18.515063151487865,91.36363636363645,89.93239538239551,19.091654999999996,18.784015000000004,18.937835,18.949765,0.2229973430924262,2.4001855474043023,-8.63636363636355,26.0,2024-08-16 13:00:00-04:00,-0.101168321987432,-0.9948693233918952,-0.8660254037844384,-0.5000000000000004,0.0540999999999982,0,-1,19.485,19.91559977460588,18.83910033809118
20.24,20.35,20.1,20.28,8101.0,RCMT,19.431498,19.2293895,0.2607842987539541,67.7638896121671,3.787103377686807,-0.2640138093940219,0.0830814756520601,20.248448141136947,18.990691858863052,94.30894308943088,97.18554983714972,19.83865666666667,19.364306666666668,19.601481666666665,19.61957,0.3226076794530295,2.047161434965648,-5.691056910569126,26.0,2024-08-26 15:00:00-04:00,-0.848644257494751,0.5289640103269624,-0.8660254037844384,-0.5000000000000004,0.1000000000000014,0,-1,20.28,20.80156859750791,19.49764710373814
19.88,20.02,19.875,20.02,5465.0,RCMT,19.103945999999997,19.292742,0.1936421360290327,71.09780966534544,3.2757286561774466,0.6867283950617284,0.0737498843598084,19.991624846828675,18.525945153171325,100.0,92.78217821782174,19.421155,19.089405,19.25528,19.258785,0.3759389091958096,2.0248369652089337,-0.0,26.0,2024-09-16 13:00:00-04:00,-0.101168321987432,-0.9948693233918952,-1.0,-1.8369701987210294e-16,0.3099999999999987,0,-1,20.02,20.407284272058064,19.4390735919129
20.49,20.6111,20.49,20.6111,803.0,RCMT,19.845698,19.538528,0.2129762205826342,67.90055952730052,4.254425897824992,-0.6101941747572815,0.0616248871792315,20.48487373413638,19.515576265863626,100.0,93.78881987577648,20.137175,19.844064999999997,19.99062,20.000225,0.2486195547946979,2.45706738757714,-0.0,26.0,2024-09-24 09:30:00-04:00,-0.9884683243281114,0.1514277775045766,-1.0,-1.8369701987210294e-16,0.2011000000000002,0,-1,20.6111,21.03705244116527,19.972171338252096
8.26,8.37,8.26,8.33,20015.0,HDSN,8.022872,8.3464495,0.092586289485333,71.21823388373235,1.9583843329253383,-0.4580727262881434,0.020353369999933,8.265171296555474,7.871588703444528,89.87341772151919,70.22761361884136,8.15214,7.983169999999999,8.067655,8.068380000000001,0.1009518050723427,2.5915336512558658,-10.126582278480807,15.0,2024-08-23 11:00:00-04:00,-0.9987165071710528,-0.0506491688387135,-0.8660254037844384,-0.5000000000000004,0.0600000000000005,0,-1,8.33,8.515172578970667,8.052241131544001
8.45,8.66,8.4366,8.565,23662.0,HDSN,7.911079999999999,7.995150499999999,0.131633145588051,72.34657425825229,9.38697318007662,-0.868571460310936,0.0624335202805723,8.522766203407226,7.637133796592775,88.82352941176464,90.78927773641104,8.189523333333334,7.964743333333334,8.077133333333332,8.07995,0.2271599193241746,2.1352798567770037,-11.176470588235365,15.0,2024-09-18 09:30:00-04:00,-0.4853019625310808,-0.8743466161445822,-1.0,-1.8369701987210294e-16,0.3149999999999995,-1,-1,8.565,8.828266291176101,8.170100563235847
14.24,14.38,14.16,14.38,187467.0,DAWN,13.99,14.34425,0.1871448926697215,65.39965783834,5.193855157278718,1.3799591209739872,0.0475090573210234,14.401537803135348,13.58146219686465,98.6666666666667,90.07407407407402,14.1705,13.8285,13.9995,13.991499999999998,0.2103449547767117,1.846966096298379,-1.3333333333333048,10.0,2024-08-26 11:00:00-04:00,-0.848644257494751,0.5289640103269624,-0.8660254037844384,-0.5000000000000004,0.120000000000001,0,-1,14.38,14.754289785339443,13.818565321990835
14.34,14.61,14.23,14.54,189145.0,DAWN,13.995,14.30805,0.1876899294825424,67.1427218340419,3.4875444839857535,-0.274077172836758,0.0435622836615541,14.57155565921508,13.52944434078492,91.35802469135798,88.59760243335124,14.2285,13.876500000000002,14.052499999999998,14.0505,0.2672959132930653,1.831303718674172,-8.641975308642024,10.0,2024-08-27 09:30:00-04:00,-0.72479278722912,0.6889669190756865,-0.8660254037844384,-0.5000000000000004,0.3099999999999987,0,-1,14.54,14.915379858965084,13.976930211552371
14.15,14.28,14.13,14.13,80765.0,DAWN,13.9396,13.964750000000002,0.2066099735794877,59.659674811204205,5.055762081784398,0.5383223496247762,0.0804559002973556,14.262509451711496,13.204490548288506,86.60714285714297,93.40805471124622,13.953833333333332,13.498833333333334,13.726333333333333,13.7335,0.2713761227522152,1.461071799459789,-13.392857142857023,10.0,2024-09-05 12:00:00-04:00,0.8486442574947509,0.5289640103269624,-1.0,-1.8369701987210294e-16,-0.0299999999999993,0,-1,14.13,14.543219947158976,13.510170079261538
14.44,14.49,14.37,14.4,29015.0,DAWN,14.123399999999998,13.80425,0.2154042949825775,59.995361900516144,3.821196827685661,-0.3506333646658609,0.0540678705120945,14.498667689160428,13.629332310839567,83.695652173913,90.57971014492746,14.277666666666669,13.85666666666667,14.067166666666663,14.063999999999998,0.2229798197147398,1.506862820276068,-16.304347826086996,10.0,2024-09-13 13:00:00-04:00,0.485301962531081,-0.8743466161445821,-1.0,-1.8369701987210294e-16,-0.0399999999999991,0,-1,14.4,14.830808589965155,13.753787115052267
14.33,14.46,14.13,14.4,107222.0,DAWN,13.9912,13.9351,0.2145619357788027,62.10044461136385,4.423495286439458,-0.2830501561319398,0.0569196048113385,14.43168439680489,13.55431560319511,91.78082191780815,94.61477132710006,14.178333333333333,13.777333333333337,13.977833333333336,13.993,0.2250403472596756,1.8085645750020105,-8.219178082191844,10.0,2024-09-20 09:30:00-04:00,-0.7907757369376986,-0.6121059825476627,-1.0,-1.8369701987210294e-16,0.0500000000000007,0,-1,14.4,14.829123871557606,13.756314192663591
37.83,37.97,37.78,37.86,6194.0,IDT,36.3858,36.6089,0.2933544593761704,73.51269217407295,3.2170119956379493,-0.6091620393740536,0.1132647939961835,37.92565090831332,35.528349091686685,94.88372093023258,95.2336762075134,36.974666666666664,36.419666666666664,36.69716666666667,36.727,0.6148949418183354,1.8425911858203723,-5.116279069767419,16.0,2024-08-23 11:00:00-04:00,-0.9987165071710528,-0.0506491688387135,-0.8660254037844384,-0.5000000000000004,0.509999999999998,0,-1,37.86,38.44670891875234,36.97993662187149
38.72,39.28,38.71,39.13,3507.0,IDT,38.212999999999994,36.84655,0.2895910678535803,69.3370871298191,2.5688073394495516,-0.818628465039305,0.0396778832434242,38.89957757951308,38.00042242048693,88.63636363636374,74.82323232323218,38.696,38.177,38.4365,38.45,0.2306284320816284,2.9484656070476216,-11.363636363636251,16.0,2024-09-04 09:30:00-04:00,0.72479278722912,0.6889669190756866,-1.0,-1.8369701987210294e-16,0.8300000000000054,0,-1,39.13,39.70918213570717,38.26122679643926
39.29,39.63,39.12,39.58,2882.0,IDT,38.2576,36.8559,0.3053345630068964,74.97270316000711,3.8572553135659904,-0.17821499857428,0.0887942127250907,39.16850149924934,37.83449850075067,97.00598802395184,92.99189499788288,38.76316666666666,38.201166666666666,38.482166666666664,38.50150000000001,0.3421645495190775,3.151992225716706,-2.9940119760481565,16.0,2024-09-04 10:00:00-04:00,0.72479278722912,0.6889669190756866,-1.0,-1.8369701987210294e-16,0.4499999999999957,0,-1,39.58,40.19066912601379,38.66399631097931
38.74,38.93,38.74,38.84,1128.0,IDT,37.3752,37.0358,0.3028561869848853,71.95192577519938,3.1880977683315694,-0.1988636363636363,0.1094046503494147,38.83528628784814,36.67371371215184,93.52517985611536,88.3179170948955,38.01416666666667,37.48716666666667,37.75066666666667,37.75449999999999,0.5544316672813359,1.9578607501313483,-6.474820143884624,16.0,2024-09-17 11:00:00-04:00,-0.2993631229733582,-0.9541392564000488,-1.0,-1.8369701987210294e-16,0.2200000000000059,0,-1,38.84,39.445712373969776,37.93143143904535
121.64,125.79,120.94,123.07,215648.0,XPO,113.2762,111.1221,1.97590673154102,78.83881158860252,7.503494060097824,-0.0872119601103905,0.6483679596101848,119.17833018912556,109.81366981087449,80.5991440798858,85.96190981524649,115.83966666666667,112.90366666666668,114.37166666666668,114.496,2.401984705678794,3.5695481239864906,-19.400855920114203,37.0,2024-08-15 09:30:00-04:00,0.1011683219874327,-0.994869323391895,-0.8660254037844384,-0.5000000000000004,6.349999999999994,-1,-1,123.07,127.02181346308203,117.14227980537693
123.11,125.65,122.99,124.14,84446.0,XPO,120.4308,114.54225,1.3092206616564674,70.02048611000316,2.2149032523672276,2.890265812871424,0.2397034220987435,124.46869966948348,117.08630033051652,77.12121212121207,75.80726354396911,121.93183333333334,119.59583333333332,120.76383333333334,120.7775,1.893545477056966,1.77576933891556,-22.878787878787925,37.0,2024-08-23 10:00:00-04:00,-0.9987165071710528,-0.0506491688387135,-0.8660254037844384,-0.5000000000000004,1.1899999999999975,0,-1,124.14,126.75844132331294,120.2123380150306
108.31,109.04,107.3,108.06,36555.0,XPO,104.0998,113.4893,1.5453003553837996,67.6396319765694,7.064301991479239,-0.898710993133794,0.8250189145257862,109.63756937399498,96.75443062600502,91.8401332223147,94.41018172948336,104.557,101.689,103.123,103.196,3.3044553655867825,1.471952095541859,-8.159866777685291,37.0,2024-09-13 09:30:00-04:00,0.485301962531081,-0.8743466161445821,-1.0,-1.8369701987210294e-16,0.7199999999999989,0,-1,108.06,111.1506007107676,103.4240989338486
110.47,112.25,110.46,111.31,42958.0,XPO,104.46859999999998,113.4744,1.4167738587736165,68.88534374185794,1.7365871492551008,0.9686540488520232,0.0953729404386138,110.87131429674857,106.22968570325148,82.68876611418054,80.17234964748782,109.75283333333334,107.19183333333334,108.47233333333332,108.5505,1.190552613836862,2.317831205381835,-17.31123388581946,37.0,2024-09-17 10:00:00-04:00,-0.2993631229733582,-0.9541392564000488,-1.0,-1.8369701987210294e-16,0.8400000000000034,0,-1,111.31,114.14354771754724,107.05967842367916
114.34,115.88,113.97,115.88,73838.0,XPO,106.9486,113.3936,1.718966442324767,72.29649506718509,4.8403148466479635,-0.7135775076223652,0.2183464979439475,113.9344122211166,106.95958777888336,100.0,77.1759618727926,111.763,108.96200000000002,110.3625,110.44699999999996,1.7890047218314258,3.0368841030437266,-0.0,37.0,2024-09-19 09:30:00-04:00,-0.651372482722222,-0.7587581226927911,-1.0,-1.8369701987210294e-16,4.36999999999999,0,-1,115.88,119.31793288464954,110.7231006730257
33.97,34.13,33.94,34.13,2346.0,VVI,32.756,34.0904,0.2779630068226765,73.83534968855867,2.9252110977081003,-0.1865464632454924,0.1234427160720054,33.99171197263087,32.05728802736914,100.0,91.29125575279416,33.26383333333333,32.80383333333334,33.033833333333334,33.0245,0.496169272898421,2.2280702582449607,-0.0,33.0,2024-08-23 13:00:00-04:00,-0.9987165071710528,-0.0506491688387135,-0.8660254037844384,-0.5000000000000004,0.1900000000000048,0,-1,34.13,34.68592601364536,33.296110979531974
34.09,34.54,34.09,34.39,3829.0,VVI,32.3478,32.95995,0.3609392148976388,72.26427673690645,3.584337349397583,-0.0731057855240862,0.0634347215491214,34.18385258040156,32.371147419598444,90.85365853658546,79.89024964402198,33.566833333333335,32.95483333333333,33.26083333333334,33.2775,0.4649490634242583,2.3927352209436745,-9.146341463414544,33.0,2024-09-17 10:00:00-04:00,-0.2993631229733582,-0.9541392564000488,-1.0,-1.8369701987210294e-16,0.4100000000000037,0,-1,34.39,35.111878429795276,33.307182355307084
34.4,34.74,34.26,34.5,8925.0,VVI,32.3904,32.97845,0.369443556690665,73.24752631527632,3.69702434625788,1.3308957952468008,0.0916494673467181,34.351662023533414,32.407337976466586,86.95652173913035,89.7785346681764,33.68316666666667,33.04216666666667,33.36266666666667,33.3795,0.4987085954322897,2.246803063477841,-13.04347826086965,33.0,2024-09-17 11:00:00-04:00,-0.2993631229733582,-0.9541392564000488,-1.0,-1.8369701987210294e-16,0.1099999999999994,-1,-1,34.5,35.23888711338133,33.39166932992801
6.73,6.74,6.72,6.74,2361.0,PANL,6.46331,7.006564,0.0648791361180681,71.36074921061766,4.012345679012342,-0.8562382025208549,0.0244018679087762,6.760217059086516,6.351392940913486,100.0,98.8505747126436,6.606325,6.487655000000001,6.546990000000001,6.555805000000001,0.1048611737639577,1.7565605398869706,-0.0,25.0,2024-08-19 13:00:00-04:00,-0.651372482722222,-0.7587581226927911,-0.8660254037844384,-0.5000000000000004,0.0200000000000004,0,-1,6.74,6.869758272236137,6.545362591645796
6.84,7.22,6.81,7.2004,35755.0,PANL,6.520808000000001,6.518417499999999,0.1029857271464301,78.75615857350398,8.603318250377077,1.0591453582123935,0.03245659143881,6.916035704915245,6.377814295084756,97.4545454545455,66.82320694380995,6.727105,6.5559449999999995,6.641525,6.646925,0.1380508787787084,4.009210262885788,-2.545454545454497,25.0,2024-09-24 09:30:00-04:00,-0.9884683243281114,0.1514277775045766,-1.0,-1.8369701987210294e-16,0.5704000000000002,0,-1,7.2004,7.40637145429286,6.8914428185607095
11.66,11.765,11.656,11.755,142716.0,FOLD,11.515456000000002,10.6011575,0.1112051541011938,70.07498713102123,3.7511032656663783,-0.1842515904453247,0.0244537925911761,11.727823611824691,11.263456388175308,98.07692307692312,93.98362681495212,11.600386666666669,11.387426666666666,11.493906666666666,11.49564,0.1191076797205391,2.177525417408298,-1.9230769230768772,12.0,2024-08-19 14:00:00-04:00,-0.651372482722222,-0.7587581226927911,-0.8660254037844384,-0.5000000000000004,0.0900000000000016,0,-1,11.755,11.977410308202389,11.421384537696419
11.82,11.9381,11.73,11.935,187339.0,FOLD,11.544756,10.6173575,0.1279952604239885,76.74057822392385,4.647084612012285,-0.7560318433928086,0.0439413216012971,11.879756708318151,11.190773291681849,97.87234042553207,96.285688306965,11.635635,11.412365,11.524,11.535265,0.1767205176036285,2.261961459939691,-2.1276595744679137,12.0,2024-08-20 09:30:00-04:00,-0.7907757369376986,-0.6121059825476627,-0.8660254037844384,-0.5000000000000004,0.1799999999999997,0,-1,11.935,12.190990520847977,11.551014218728035
11.59,11.98,11.52,11.955,142898.0,FOLD,11.531212,10.960883,0.1424019234415486,74.6232327242825,5.191377034755828,-0.8366618658985437,0.0694353620652337,11.708974052187427,11.022525947812571,96.66666666666664,87.77777777777766,11.48154,11.23497,11.358255,11.36575,0.1760702237296223,3.34667604503568,-3.333333333333381,12.0,2024-09-03 09:30:00-04:00,0.5712682150947923,0.8207634412072763,-1.0,-1.8369701987210294e-16,0.5,0,-1,11.955,12.239803846883097,11.527794229675354
33.88,33.93,33.7,33.9,1219093.0,CSX,33.4762,34.11135,0.1563038901303339,65.36442365043315,0.9830205540661252,-0.066173310833325,0.0217397435310129,33.77186593305762,33.38413406694237,93.87755102040796,82.95918367346928,33.69833333333334,33.43633333333333,33.56733333333334,33.577999999999996,0.099451125261956,3.2377713087896076,-6.122448979592044,8.0,2024-08-21 09:30:00-04:00,-0.8978045395707417,-0.4403941515576342,-0.8660254037844384,-0.5000000000000004,0.2899999999999991,0,-1,33.9,34.21260778026067,33.431088329609
34.05,34.23,34.04,34.23,454109.0,CSX,33.6498,33.8615,0.2063149071279863,68.36304801583694,1.6934046345811062,-0.3599275510419824,0.0497979673893905,34.09874777262337,33.39725222737664,100.0,91.5585195866379,33.92633333333333,33.550333333333334,33.73833333333333,33.748000000000005,0.179929810876828,2.678822356624095,-0.0,8.0,2024-08-29 12:00:00-04:00,-0.3943558551133187,0.9189578116202306,-0.8660254037844384,-0.5000000000000004,0.1799999999999997,0,-1,34.23,34.64262981425597,33.611055278616035
34.2,34.42,34.14,34.42,707530.0,CSX,33.717800000000004,33.8504,0.2128155808542384,68.90187229274173,0.5844535359439008,-0.6910346646590958,0.0302010409140404,34.392845264027365,33.48015473597264,100.0,86.61433172302763,34.14516666666667,33.70316666666667,33.924166666666665,33.9365,0.2341001809843294,2.0653550884369656,-0.0,8.0,2024-09-03 09:30:00-04:00,0.5712682150947923,0.8207634412072763,-1.0,-1.8369701987210294e-16,0.3999999999999986,0,-1,34.42,34.845631161708475,33.78155325743729
34.59,35.08,34.58,35.05,615455.0,CSX,33.8998,33.8884,0.2317215914110693,76.89566844171054,3.483909064068497,-0.7132503849621328,0.0701464181803366,34.87035801859705,33.58864198140295,97.8102189781021,88.60340632603402,34.43216666666667,33.982166666666664,34.207166666666666,34.2295,0.3287532269203803,2.495792992470641,-2.1897810218978973,8.0,2024-09-04 09:30:00-04:00,0.72479278722912,0.6889669190756866,-1.0,-1.8369701987210294e-16,0.4699999999999988,0,-1,35.05,35.51344318282214,34.35483522576679
34.53,34.74,34.31,34.47,1129907.0,CSX,33.63,33.7224,0.2619160761751323,67.16417168953413,1.2037580739870717,-0.4432740740959726,0.0164511397941385,34.3490446899483,33.6329553100517,71.27659574468066,60.78080882189469,34.18366666666667,33.79866666666667,33.99116666666667,33.991,0.1836730504829999,2.6078948367242014,-28.723404255319338,8.0,2024-09-19 09:30:00-04:00,-0.651372482722222,-0.7587581226927911,-1.0,-1.8369701987210294e-16,0.4099999999999966,0,-1,34.47,34.993832152350265,33.6842517714746
34.52,34.84,34.51,34.82,969639.0,CSX,33.714,33.7307,0.2546549628185645,73.53077708508863,2.5022078304386266,0.5244553938646912,0.0570886810093404,34.65003521002046,33.655964789979535,98.07692307692278,81.27386797599569,34.369,33.948,34.1585,34.153,0.2549736828525452,2.615956252966456,-1.923076923077212,8.0,2024-09-19 13:00:00-04:00,-0.651372482722222,-0.7587581226927911,-1.0,-1.8369701987210294e-16,0.2999999999999971,0,-1,34.82,35.329309925637126,34.056035111544304
34.57,34.99,34.51,34.92,2300742.0,CSX,34.1752,33.85565,0.284831894165316,68.80026411481154,4.083457526080491,1.511877896598595,0.1151934469235146,34.646620345852206,33.3003796541478,95.42483660130718,82.63755794715537,34.20216666666666,33.72716666666666,33.96466666666667,33.9735,0.3453034515962154,2.741067300731187,-4.575163398692825,8.0,2024-09-27 10:00:00-04:00,-0.72479278722912,0.6889669190756865,-1.0,-1.8369701987210294e-16,0.3500000000000014,0,-1,34.92,35.48966378833063,34.06550431750405
128.7,129.66,128.5,129.13,4857.0,IPAR,129.6236,129.39835,1.3373848001208417,56.96179693690986,3.527619658462271,-0.34962506695233,0.5887395963366557,130.08731723765405,123.43268276234596,91.46537842190014,91.8844957507266,127.76166666666666,125.76666666666668,126.76416666666668,126.76,1.7068777281764131,1.3885001607772194,-8.534621578099866,17.0,2024-08-15 13:00:00-04:00,0.1011683219874327,-0.994869323391895,-0.8660254037844384,-0.5000000000000004,0.4099999999999966,0,-1,129.13,131.80476960024168,125.11784559963748
127.03,127.03,126.48,126.63,2305.0,IPAR,124.542,130.28934999999998,0.8614521952446113,64.7898519296508,2.12096774193548,-0.7512947777298231,0.3770526354881572,126.8394562523359,122.31354374766411,82.65524625267662,91.29193433261956,125.3255,123.8275,124.5765,124.5765,1.1608720633061904,1.768928777691118,-17.344753747323384,17.0,2024-08-29 13:00:00-04:00,-0.3943558551133187,0.9189578116202306,-0.8660254037844384,-0.5000000000000004,-0.4000000000000057,0,-1,126.63,128.35290439048921,124.04564341426617
118.3,118.36,117.35,117.35,5571.0,IPAR,118.3916,125.08375,1.2757026704345684,55.13384425328768,1.804459096035394,1.480409617097061,0.6872129847640978,117.52808934941676,111.76691065058324,83.96226415094323,91.539123374656,115.8945,113.3955,114.64499999999998,114.6475,1.477711156874319,1.8288418460048557,-16.037735849056766,17.0,2024-09-13 10:00:00-04:00,0.485301962531081,-0.8743466161445821,-1.0,-1.8369701987210294e-16,-0.9500000000000028,0,-1,117.35,119.90140534086913,113.52289198869629
28.27,28.5,28.25,28.4,47465.0,CWEN,27.8438,28.4196,0.221246661331385,67.08759063901385,3.839122486288838,1.3516151407055093,0.0913097639177206,28.547183877888383,27.139816122111615,91.66666666666654,89.71431780092944,28.0635,27.6165,27.839999999999996,27.8435,0.360982212712408,1.5416272060013092,-8.333333333333456,9.0,2024-09-12 10:00:00-04:00,0.6513724827222223,-0.758758122692791,-1.0,-1.8369701987210294e-16,0.1099999999999994,0,-1,28.4,28.84249332266277,27.736260016005843
29.96,30.29,29.87,30.25,42261.0,CWEN,29.3804,28.7348,0.2274211224521835,70.59732907670363,2.9962546816479367,0.7436563931179601,0.0567301802101729,30.21301234329235,28.855987656707654,96.00000000000009,88.32478632478644,29.7455,29.2965,29.520999999999997,29.5345,0.3480694879202599,2.055624020005782,-3.9999999999999143,9.0,2024-09-24 10:00:00-04:00,-0.9884683243281114,0.1514277775045766,-1.0,-1.8369701987210294e-16,0.2699999999999996,0,-1,30.25,30.704842244904366,29.56773663264345
30.41,30.58,30.39,30.52,64116.0,CWEN,29.6468,28.81115,0.2051502476863216,67.78488770828696,1.2607830126078268,0.7745426365171182,0.0181874359774807,30.537696533643725,29.545303466356263,92.10526315789488,88.37371205792256,30.2425,29.8255,30.034,30.041499999999996,0.2545434509490806,1.8798362252726903,-7.894736842105115,9.0,2024-09-25 14:00:00-04:00,-0.9377521321470804,0.3473052528448203,-1.0,-1.8369701987210294e-16,0.1099999999999994,0,-1,30.52,30.93030049537264,29.904549256941035
186.3,188.02,186.3,188.02,19522.0,EGP,183.44620000000003,184.89890000000003,0.9552982770858264,75.30464384235758,2.0627510585169966,5.436531486976591,0.3324992388356853,186.84078274878985,181.51421725121017,100.0,92.29691876750704,184.9805,183.3365,184.1585,184.1775,1.3662352228701051,2.812473237169172,-0.0,11.0,2024-08-23 10:00:00-04:00,-0.9987165071710528,-0.0506491688387135,-0.8660254037844384,-0.5000000000000004,2.0200000000000102,0,-1,188.02,189.93059655417167,185.15410516874252
189.59,190.13,189.45,190.13,20291.0,EGP,185.4308,184.27555,1.1047347361165267,71.80391935090012,1.7227542667594025,0.3290757843715202,0.508742387665678,190.887732865429,181.22526713457097,97.59036144578316,90.90801709511857,186.97116666666665,185.06916666666663,186.02016666666668,186.05649999999997,2.478370166906258,1.643620494788703,-2.409638554216821,11.0,2024-09-16 12:00:00-04:00,-0.101168321987432,-0.9948693233918952,-1.0,-1.8369701987210294e-16,0.4099999999999966,0,-1,190.13,192.33946947223305,186.8157957916504
114.55,115.26,114.55,114.98,2015.0,MTRN,112.01,113.38715,1.200777333182289,68.16735004697222,2.6423852883413748,-0.4031398104265402,0.4277120010174537,114.54174335890563,109.03625664109433,94.56310679611649,93.18316523929415,112.68466666666669,110.74566666666666,111.71516666666666,111.789,1.4121275475416877,2.259710891948175,-5.436893203883511,24.0,2024-08-15 12:00:00-04:00,0.1011683219874327,-0.994869323391895,-0.8660254037844384,-0.5000000000000004,0.5,0,-1,114.98,117.38155466636458,111.37766800045314
117.85,119.06,117.46,118.47,2425.0,MTRN,113.693,114.4923,1.121824764635917,70.51524119223288,2.2262490292518753,-0.106484893146647,0.3183308582168513,117.23244415449052,111.56955584550948,89.86254295532642,76.29637380033074,115.17166666666664,113.57766666666669,114.37466666666668,114.401,1.4525002038226569,2.8013765432123874,-10.137457044673583,24.0,2024-08-23 11:00:00-04:00,-0.9987165071710528,-0.0506491688387135,-0.8660254037844384,-0.5000000000000004,1.4599999999999935,0,-1,118.47,120.71364952927183,115.10452570609225
110.29,111.61,110.11,111.61,2839.0,MTRN,108.2536,109.78164999999998,1.0697330484422551,67.50567481373801,2.5638669362249646,-0.6744639376218324,0.1944466452803864,110.26518022744396,106.1868197725561,100.0,68.90310959423606,108.98733333333332,107.48933333333336,108.23833333333332,108.22600000000004,1.0460773846787708,3.234942318382239,-0.0,24.0,2024-09-26 09:30:00-04:00,-0.848644257494751,0.5289640103269624,-1.0,-1.8369701987210294e-16,2.7099999999999937,0,-1,111.61,113.7494660968845,108.40080085467324
39.86,40.32,39.84,40.32,5614.0,CENT,39.181,39.02965,0.3135012413283982,72.76920893901192,4.212974928922209,-0.1426389737324374,0.1163682158811648,40.23107587650383,38.24092412349618,100.0,87.20139494333051,39.510000000000005,38.955,39.2325,39.236,0.5104631539875442,2.1235616939875093,-0.0,3.0,2024-08-26 11:00:00-04:00,-0.848644257494751,0.5289640103269624,-0.8660254037844384,-0.5000000000000004,0.4600000000000008,0,-1,40.32,40.9470024826568,39.379496276014805
40.34,40.64,40.25,40.58,4253.0,CENT,39.2164,39.0329,0.3189654383763698,75.64948089509969,4.7496128033040685,-0.2424296401852511,0.1426990532159705,40.45736579306854,38.14763420693145,97.28506787330306,91.88781541722716,39.58616666666667,39.00416666666667,39.29516666666667,39.302499999999995,0.5924336516259915,2.156359613424695,-2.7149321266969344,3.0,2024-08-26 12:00:00-04:00,-0.848644257494751,0.5289640103269624,-0.8660254037844384,-0.5000000000000004,0.259999999999998,0,-1,40.58,41.21793087675274,39.62310368487089
104.24,104.92,104.12,104.78,20360.0,LNW,101.5958,103.55795,1.0400502411569188,70.6511214681405,2.7254901960784323,-0.4332479679323016,0.3185087820185817,104.12826699185452,100.0417330081455,96.62650602409636,87.56873410054801,103.03233333333333,101.11033333333332,102.07133333333334,102.085,1.048173850586442,2.571138364587296,-3.3734939759036235,21.0,2024-08-16 11:00:00-04:00,-0.101168321987432,-0.9948693233918952,-0.8660254037844384,-0.5000000000000004,0.5400000000000063,0,-1,104.78,106.86010048231384,101.65984927652924
104.68,105.16,104.65,105.16,11489.0,LNW,101.6572,103.55925,1.0021895096457096,72.25265776422755,3.1890884113433424,-0.4357072691552063,0.3933135248998374,104.68930671028536,99.81469328971464,100.0,95.35316523827257,103.18766666666669,101.27166666666668,102.22966666666666,102.252,1.2503119610723388,2.3258195478718244,-0.0,21.0,2024-08-16 12:00:00-04:00,-0.101168321987432,-0.9948693233918952,-0.8660254037844384,-0.5000000000000004,0.3799999999999954,0,-1,105.16,107.16437901929142,102.15343147106287
109.72,110.57,109.42,109.99,34669.0,LNW,105.552,103.67595,0.8509438278947534,71.18799840142849,0.8157653528872599,-0.22520448755196,0.0281080230856158,110.23504835754866,105.78895164245132,81.46964856230035,82.33156906389185,108.72133333333332,107.22333333333331,107.97233333333334,108.012,1.1403997452416996,1.7344795176017735,-18.530351437699657,21.0,2024-08-23 11:00:00-04:00,-0.9987165071710528,-0.0506491688387135,-0.8660254037844384,-0.5000000000000004,0.9899999999999948,0,-1,109.99,111.6918876557895,107.43716851631574
110.59,110.69,110.23,110.6,11464.0,LNW,107.1822,105.3345,0.9960854305060828,71.00706147339592,3.2486930545182875,-0.1444137622210612,0.3534805729346544,112.1211041776049,103.5898958223951,84.77564102564097,84.1023671668833,108.91716666666666,106.76216666666669,107.83966666666667,107.8555,2.188208772393313,1.2542221905994106,-15.224358974359031,21.0,2024-09-12 14:00:00-04:00,0.6513724827222223,-0.758758122692791,-1.0,-1.8369701987210294e-16,0.059999999999988,0,-1,110.6,112.59217086101216,107.61174370848174
39.49,40.01,39.47,40.01,709735.0,CMCSA,39.1466,39.3198,0.2296756840489448,71.54723442821184,2.092370502679256,-0.6902476238359219,0.0570353171016516,40.00536311808791,38.74163688191209,100.0,90.10989010989022,39.5615,39.1485,39.355,39.3735,0.3241389403196079,1.9636640984029736,-0.0,5.0,2024-08-19 09:30:00-04:00,-0.651372482722222,-0.7587581226927911,-0.8660254037844384,-0.5000000000000004,0.3799999999999954,0,-1,40.01,40.46935136809789,39.320972947853164
40.0,40.41,39.86,40.38,531659.0,CMCSA,39.7638,39.6122,0.2409183695818751,69.27055905986981,2.9839326702371887,-0.6687478738291263,0.0678661873157667,40.25497706373718,39.16502293626281,97.56097560975658,79.98409331919422,39.94666666666667,39.48466666666666,39.71566666666667,39.709999999999994,0.2795673348886427,2.3965603859509663,-2.439024390243423,5.0,2024-08-26 09:30:00-04:00,-0.848644257494751,0.5289640103269624,-0.8660254037844384,-0.5000000000000004,0.5200000000000031,0,-1,40.38,40.861836739163756,39.65724489125438
40.35,41.07,40.34,40.7,1809407.0,CMCSA,39.3042,39.53565,0.3760843913261327,73.93953168013076,3.667855323484475,-0.3946519881326287,0.0923765338510155,40.206547243892665,38.899452756107344,85.60311284046703,84.64203140230893,39.824666666666666,39.239666666666665,39.53216666666667,39.553,0.3352626621493921,3.4211981514628027,-14.396887159532971,5.0,2024-09-19 09:30:00-04:00,-0.651372482722222,-0.7587581226927911,-1.0,-1.8369701987210294e-16,0.8800000000000026,0,-1,40.7,41.452168782652265,39.5717468260216
40.83,41.17,40.61,41.11,1610961.0,CMCSA,39.9774,39.697849999999995,0.288471301878928,71.22002034943017,2.3145843703334985,-0.2777102996700522,0.0342773715740557,40.968584181635016,39.99441581836498,95.12195121951204,87.82976605276248,40.7285,40.2205,40.4745,40.4815,0.2498689130003228,2.515318902432614,-4.8780487804879735,5.0,2024-09-24 09:30:00-04:00,-0.9884683243281114,0.1514277775045766,-1.0,-1.8369701987210294e-16,0.3500000000000014,0,-1,41.11,41.686942603757856,40.244586094363214
41.23,41.65,41.19,41.6,947188.0,CMCSA,40.5974,39.8843,0.2639454892473157,72.0846451344186,2.488297610248825,-0.7200782561410974,0.0253337667402326,41.54601478356588,40.41298521643412,95.57522123893828,67.5621950661818,41.2135,40.7515,40.9825,40.9795,0.290615952037399,2.1351202356577748,-4.424778761061713,5.0,2024-09-27 09:30:00-04:00,-0.72479278722912,0.6889669190756865,-1.0,-1.8369701987210294e-16,0.6900000000000048,0,-1,41.6,42.127890978494634,40.80816353225806
38.62,39.3,38.25,38.26,6252.0,CHEF,36.9186,40.1235,0.4470838038720504,75.34920459645932,5.312413982934213,-0.6384664315040768,0.184266225250024,37.77431968841684,35.74468031158315,66.45161290322578,79.79342555700033,37.087833333333336,36.43683333333333,36.76233333333333,36.7595,0.5205915157927398,2.882298221312904,-33.54838709677423,4.0,2024-08-15 09:30:00-04:00,0.1011683219874327,-0.994869323391895,-0.8660254037844384,-0.5000000000000004,0.8399999999999963,0,-1,38.26,39.1541676077441,36.91874858838385
38.36,38.49,37.92,38.49,8408.0,CHEF,36.9434,40.109,0.4558635321669039,77.38396888717841,6.033057851239683,0.344849648112604,0.2204862994113427,38.10759047384268,35.63440952615731,73.44262295081981,78.65240932667668,37.206,36.527,36.8665,36.870999999999995,0.6343575282786591,2.552188518032084,-26.557377049180193,4.0,2024-08-15 10:00:00-04:00,0.1011683219874327,-0.994869323391895,-0.8660254037844384,-0.5000000000000004,0.2300000000000039,0,-1,38.49,39.40172706433381,37.12240940349929
38.76,39.2,38.71,39.16,56860.0,CHEF,37.403,39.8781,0.3462377240724738,71.87832916704099,2.1387584767866277,5.125834949364362,0.0061560420246236,38.89289721643696,38.02710278356304,96.6101694915249,90.8354772955476,38.75833333333333,38.09733333333333,38.42783333333334,38.46,0.2220715863711221,3.1521367115834806,-3.389830508475107,4.0,2024-08-19 15:00:00-04:00,-0.651372482722222,-0.7587581226927911,-0.8660254037844384,-0.5000000000000004,0.4199999999999946,0,-1,39.16,39.85247544814494,38.121286827782576
39.39,39.96,39.39,39.9,60719.0,CHEF,38.4724,39.71375,0.3712018557380842,69.50769041641274,2.360184710107752,1.566314454775993,0.0250962672519207,39.84307771968094,38.20892228031905,95.27559055118094,78.73565436673351,39.36,38.666,39.013,39.026,0.4191520261818766,2.085162292930823,-4.724409448819065,4.0,2024-08-22 15:00:00-04:00,-0.968077118866204,-0.2506525322587213,-0.8660254037844384,-0.5000000000000004,0.5,0,-1,39.9,40.64240371147617,38.78639443278575
39.77,40.58,39.74,40.57,36769.0,CHEF,38.6064,39.695449999999994,0.4026179266313067,76.3460926057392,3.179043743641913,6.491646291768541,0.0876688323129651,40.23564312176523,38.15335687823476,99.46808510638309,90.8404844784473,39.536833333333334,38.801833333333335,39.169333333333334,39.1945,0.5340951521767466,2.5753837951796497,-0.5319148936169167,4.0,2024-08-23 10:00:00-04:00,-0.9987165071710528,-0.0506491688387135,-0.8660254037844384,-0.5000000000000004,0.6799999999999997,0,-1,40.57,41.375235853262616,39.362146220106084
41.27,41.82,40.88,41.72,9087.0,CHEF,39.6132,39.50355,0.3644336264763496,77.15576199209305,2.758620689655166,-0.8334707790422783,0.0503342202033173,41.28676497699985,39.755235023000154,94.21965317919066,94.74210144217096,40.84133333333334,40.162333333333336,40.50183333333333,40.521,0.3928291445934138,3.052217526377753,-5.780346820809341,4.0,2024-08-28 09:30:00-04:00,-0.5712682150947924,0.8207634412072763,-0.8660254037844384,-0.5000000000000004,0.8500000000000014,-1,-1,41.72,42.448867252952695,40.62669912057095
41.22,41.44,41.16,41.4,15477.0,CHEF,40.7122,40.42905,0.3701091314526555,67.30087890386014,2.4752475247524752,1.326668671076368,0.1274048420040097,41.26447476717294,39.758525232827054,97.41935483870972,88.40919133893048,40.87316666666667,40.16316666666667,40.518166666666666,40.5115,0.3862679053929007,2.300216993426476,-2.5806451612902723,4.0,2024-09-25 14:00:00-04:00,-0.9377521321470804,0.3473052528448203,-1.0,-1.8369701987210294e-16,0.240000000000002,0,-1,41.4,42.14021826290531,40.28967260564203
41.67,42.11,41.44,42.01,8260.0,CHEF,40.7398,40.4635,0.3926451184464222,74.02326344590007,3.985148514851484,-0.7327466269777073,0.166234138653359,41.677660213312976,39.59433978668703,95.49549549549543,95.10663787511484,40.961,40.275,40.618,40.636,0.5343604145437569,2.5712982522725456,-4.50450450450457,4.0,2024-09-26 09:30:00-04:00,-0.848644257494751,0.5289640103269624,-1.0,-1.8369701987210294e-16,0.6599999999999966,0,-1,42.01,42.79529023689284,40.83206464466073
62.8,62.94,62.64,62.71,17329.0,LBRDK,62.0718,62.29155,0.4576475221188056,65.30895244919606,4.656208277703603,0.5294792586054722,0.2893280753039505,62.933792432398,59.67120756760199,92.8348909657322,97.3647401024578,61.75616666666666,60.84016666666666,61.29816666666667,61.302499999999995,0.8368353607803429,1.6819317944302956,-7.165109034267814,19.0,2024-08-26 10:00:00-04:00,-0.848644257494751,0.5289640103269624,-0.8660254037844384,-0.5000000000000004,-0.0799999999999983,0,-1,62.71,63.62529504423761,61.33705743364359
62.88,63.21,62.79,63.21,19786.0,LBRDK,62.071,62.35085,0.4464919961126436,70.05946704422311,3.861321064738747,-0.5983435171839793,0.3042269082064658,63.35977421586434,59.50122578413565,100.0,96.67705088265842,61.88783333333333,60.94983333333332,61.418833333333325,61.430499999999995,0.9896967903564406,1.798025432980455,-0.0,19.0,2024-08-26 12:00:00-04:00,-0.848644257494751,0.5289640103269624,-0.8660254037844384,-0.5000000000000004,0.3599999999999994,0,-1,63.21,64.10298399222529,61.87052401166207
60.97,61.09,60.67,61.0,25410.0,LBRDK,60.38179999999999,62.5549,0.6561438260438966,61.17240651979662,3.0579489778678868,-0.3427995034140285,0.2683375343546214,60.907642264849144,58.28035773515087,90.75342465753415,92.2655138857698,60.26966666666666,58.98266666666666,59.62616666666666,59.59400000000001,0.6738842630596632,2.086411683834662,-9.246575342465857,19.0,2024-09-12 12:00:00-04:00,0.6513724827222223,-0.758758122692791,-1.0,-1.8369701987210294e-16,-0.0300000000000011,-1,-1,61.0,62.3122876520878,59.03156852186831
40.07,40.54,40.07,40.54,48819.0,STAG,39.6008,39.6936,0.1905350787510789,76.75878601203841,2.1415973796926213,1.6015987210231812,0.0723428484225932,40.20581131826041,39.17118868173959,100.0,97.31182795698938,39.84683333333333,39.50683333333334,39.676833333333335,39.6885,0.2653751069119082,3.208665688009156,-0.0,29.0,2024-08-23 10:00:00-04:00,-0.9987165071710528,-0.0506491688387135,-0.8660254037844384,-0.5000000000000004,0.509999999999998,0,-1,40.54,40.92107015750216,39.968394763746765
75.19,76.0,75.06,76.0,141254.0,MAS,73.475,72.775,0.6366299134141601,74.05299606850991,3.20478001086366,1.655999097455954,0.2464118353826317,76.04795017738397,71.55204982261603,100.0,98.37834504871124,74.35666666666665,73.13866666666668,73.74766666666667,73.8,1.1531741092809684,1.907777830159364,-0.0,22.0,2024-08-14 14:00:00-04:00,0.299363122973358,-0.9541392564000488,-0.8660254037844384,-0.5000000000000004,0.7900000000000063,0,-1,76.0,77.27325982682832,74.09011025975752
77.29,78.18,77.21,77.77,82403.0,MAS,75.4482,74.3746,0.5190110496180843,70.22163745132599,1.3554020591685023,1.650892713527425,0.0138392938276407,77.46418465433062,75.67281534566938,80.8411214953266,69.38978545136338,76.9855,76.1245,76.55499999999999,76.5685,0.4594765328190479,2.6149322417586305,-19.158878504673396,22.0,2024-08-21 10:00:00-04:00,-0.8978045395707417,-0.4403941515576342,-0.8660254037844384,-0.5000000000000004,0.5,0,-1,77.77,78.80802209923617,76.21296685114574
77.74,78.04,77.61,77.98,57218.0,MAS,75.54979999999999,74.41765000000001,0.5126531175025073,71.86319142213061,1.562907007033085,-0.3056320765020691,0.0687220746867043,77.72092438293268,75.60507561706731,90.6542056074765,87.76212395964082,77.08066666666666,76.21266666666666,76.64666666666668,76.663,0.5427037575159853,2.426738311206948,-9.345794392523494,22.0,2024-08-21 11:00:00-04:00,-0.8978045395707417,-0.4403941515576342,-0.8660254037844384,-0.5000000000000004,0.2100000000000079,0,-1,77.98,79.00530623500502,76.44204064749248
77.98,78.41,77.86,78.41,149262.0,MAS,75.6592,74.46350000000001,0.5153207519666138,74.91277676375377,2.202815432742437,1.608654619175784,0.1234637121436096,78.04669649087839,75.51330350912161,100.0,90.49844236760102,77.204,76.307,76.7555,76.78,0.6498015891517257,2.5084580081249968,-0.0,22.0,2024-08-21 12:00:00-04:00,-0.8978045395707417,-0.4403941515576342,-0.8660254037844384,-0.5000000000000004,0.4299999999999926,0,-1,78.41,79.44064150393322,76.86403774410016
78.3,79.9,78.3,79.88,65730.0,MAS,76.77720000000001,74.90525,0.6213544201220973,74.06630209053876,2.266035078735112,1.7614166281561148,0.0603061951636918,79.4965582686518,75.96544173134822,99.17012448132738,70.33649731289101,78.24600000000001,77.157,77.7015,77.73100000000001,0.9057122814908422,2.372718184258955,-0.82987551867262,22.0,2024-08-23 10:00:00-04:00,-0.9987165071710528,-0.0506491688387135,-0.8660254037844384,-0.5000000000000004,1.6499999999999917,0,-1,79.88,81.12270884024419,78.0159367396337
79.58,80.28,79.44,80.25,34868.0,MAS,77.6982,76.7436,0.6569164099851933,72.76601412860704,3.5083193602476443,-0.8637447147736242,0.2517259381991167,79.63784549032727,76.24015450967275,99.28909952606632,94.56914996844296,78.53466666666665,77.31066666666666,77.92266666666666,77.93900000000001,0.8714893483066299,2.651782267322534,-0.7109004739336764,22.0,2024-09-13 09:30:00-04:00,0.485301962531081,-0.8743466161445821,-1.0,-1.8369701987210294e-16,1.3299999999999983,0,-1,80.25,81.56383281997039,78.27925077004441
82.83,83.4,82.73,83.38,103789.0,MAS,80.0056,77.9298,0.7775477908356085,69.06175393676018,2.4701978616197504,0.315399921422506,0.0910758818106712,83.08499214415815,80.38000785584185,95.97069597069596,80.70818070818065,82.49283333333334,80.99483333333333,81.74383333333334,81.7325,0.6938138306357504,2.37455629630555,-4.029304029304024,22.0,2024-09-19 12:00:00-04:00,-0.651372482722222,-0.7587581226927911,-1.0,-1.8369701987210294e-16,0.5600000000000023,0,-1,83.38,84.9350955816712,81.04735662749317
43.09,43.45,42.92,43.22,13929.0,TNL,41.4498,44.93525,0.4104140128501476,71.24846802318858,3.4961685823754816,-0.8415268217759827,0.0996845302922105,42.813359237899334,40.84564076210067,89.99999999999984,77.23456790123457,42.10183333333334,41.51283333333333,41.80733333333333,41.8295,0.5047091397918552,2.755052148596805,-10.000000000000156,30.0,2024-08-15 09:30:00-04:00,0.1011683219874327,-0.994869323391895,-0.8660254037844384,-0.5000000000000004,1.1199999999999974,0,-1,43.22,44.04082802570029,41.98875796144956
43.2,43.5,43.2,43.42,37262.0,TNL,42.11679999999999,44.88445000000001,0.2884255440780321,68.00692603177438,1.8292682926829296,-0.7747920897398705,0.0123524664745058,43.399864405221194,42.47813559477882,92.66055045871578,87.97497275826929,43.20733333333333,42.66833333333334,42.93783333333333,42.93900000000001,0.2364184515017695,2.0345281721650834,-7.339449541284225,30.0,2024-08-19 14:00:00-04:00,-0.651372482722222,-0.7587581226927911,-0.8660254037844384,-0.5000000000000004,0.3200000000000003,0,-1,43.42,43.99685108815606,42.5547233677659
43.41,43.55,43.38,43.51,90187.0,TNL,42.17100000000001,44.87834999999999,0.2799665766438866,69.3737360891004,1.6351319785096838,1.4203478074177447,0.0253097242931479,43.464353207878624,42.44264679212139,96.49122807017552,93.70193383913234,43.2035,42.7005,42.952,42.953500000000005,0.2620621661883615,2.1235419369921527,-3.508771929824485,30.0,2024-08-19 15:00:00-04:00,-0.651372482722222,-0.7587581226927911,-0.8660254037844384,-0.5000000000000004,0.0899999999999963,0,-1,43.51,44.06993315328777,42.67010027006834
42.89,43.81,42.89,43.81,14572.0,TNL,42.78799999999999,44.43285,0.3410638253371744,67.4529612117133,2.4795321637426952,4.413075780089153,0.0548907738142193,43.374480735609325,42.21951926439067,100.0,65.48387096774182,43.099333333333334,42.48133333333333,42.79033333333333,42.797,0.2962413667406895,3.419508933358114,-0.0,30.0,2024-08-23 10:00:00-04:00,-0.9987165071710528,-0.0506491688387135,-0.8660254037844384,-0.5000000000000004,0.9000000000000057,0,-1,43.81,44.49212765067435,42.786808523988476
44.38,44.48,44.24,44.45,6724.0,TNL,43.0084,44.29125,0.3279358106146116,72.79166261757159,4.025274982447943,-0.9069007532122286,0.1371658189744037,44.29614966907879,42.11285033092122,98.43750000000033,93.73965231788075,43.48583333333333,42.89683333333333,43.19133333333333,43.2045,0.560004464267878,2.224089412623352,-1.5624999999996936,30.0,2024-08-26 09:30:00-04:00,-0.848644257494751,0.5289640103269624,-0.8660254037844384,-0.5000000000000004,0.4400000000000048,0,-1,44.45,45.10587162122923,43.46619256815617
43.74,44.1,43.47,44.1,34452.0,TNL,42.1086,42.739799999999995,0.4479231921329937,74.46866477665212,3.618421052631577,-0.7714338788968427,0.1010666592631087,43.36003631881415,41.707963681185845,100.0,68.48698781838324,42.884,42.188,42.536,42.534,0.4237476905697173,3.695595362170725,-0.0,30.0,2024-09-19 09:30:00-04:00,-0.651372482722222,-0.7587581226927911,-1.0,-1.8369701987210294e-16,1.4299999999999995,0,-1,44.1,44.99584638426599,42.75623042360102
43.81,44.11,43.81,44.0,65892.0,TNL,42.20439999999999,42.77345,0.4401990789310001,69.93205182146082,3.189493433395871,0.0258597873301054,0.1612197944637088,43.83862967066385,41.54037032933614,86.91588785046724,88.16199376947031,43.06616666666667,42.32716666666666,42.696666666666665,42.689499999999995,0.5894910829199291,2.2231040264573614,-13.08411214953276,30.0,2024-09-19 11:00:00-04:00,-0.651372482722222,-0.7587581226927911,-1.0,-1.8369701987210294e-16,0.2000000000000028,-1,-1,44.0,44.880398157862,42.679402763207
44.02,44.33,43.97,44.33,58912.0,TNL,42.267599999999995,42.79075,0.4344705732930715,72.74216918436233,4.10991075622358,-0.1059309172585443,0.1883862432667319,44.12429930712438,41.46870069287561,100.0,88.16199376947031,43.17483333333333,42.420833333333334,42.79783333333334,42.796499999999995,0.6811466725116448,2.2513506442678644,-0.0,30.0,2024-09-19 12:00:00-04:00,-0.651372482722222,-0.7587581226927911,-1.0,-1.8369701987210294e-16,0.3299999999999983,0,-1,44.33,45.198941146586144,43.026588280120784
44.75,45.0,44.75,44.99,39989.0,TNL,43.118,43.01215,0.3984049729245468,69.86478198834648,2.389622212107429,0.0701402269321345,0.0279599999291828,45.07709891544856,43.26990108455145,99.26470588235308,95.22415762421475,44.539833333333334,43.75083333333333,44.14533333333334,44.1735,0.4635364631089204,1.761457975762608,-0.7352941176469129,30.0,2024-09-23 13:00:00-04:00,-0.9987165071710528,-0.0506491688387135,-1.0,-1.8369701987210294e-16,0.1900000000000048,0,-1,44.99,45.78680994584909,43.794785081226365
45.47,45.82,45.4,45.71,23145.0,TNL,43.30519999999999,43.068900000000006,0.4053628737300398,76.58089996986111,3.066516347237879,-0.9221304856877548,0.0699569262689415,45.33949325066349,43.52450674933652,94.811320754717,91.05825818999278,44.76433333333334,44.050333333333334,44.40733333333334,44.432,0.4655342149220608,2.7452332375053463,-5.188679245282998,30.0,2024-09-24 09:30:00-04:00,-0.9884683243281114,0.1514277775045766,-1.0,-1.8369701987210294e-16,0.6899999999999977,0,-1,45.71,46.520725747460084,44.493911378809884
45.47,45.81,45.46,45.71,80497.0,TNL,43.4234,43.10635,0.4083486003080445,72.99041088802481,2.7191011235955074,0.4419783605617655,0.0769794786947293,45.69032211843992,43.45867788156008,93.88888888888891,90.62442885556092,44.92183333333334,44.18783333333333,44.554833333333335,44.5745,0.5724046691485783,1.9837364389235268,-6.111111111111089,30.0,2024-09-24 11:00:00-04:00,-0.9884683243281114,0.1514277775045766,-1.0,-1.8369701987210294e-16,0.240000000000002,0,-1,45.71,46.52669720061609,44.484954199075865
46.47,46.65,46.32,46.56,14045.0,TNL,44.6874,43.40925,0.3993258473897899,69.20691020196628,1.9710906701708404,-0.8762151538386963,0.0033424612994876,46.37659061350461,45.1184093864954,96.29629629629645,92.5597583399002,46.06883333333333,45.39483333333334,45.73183333333334,45.7475,0.3227166754778448,2.517688305994525,-3.703703703703552,30.0,2024-09-27 09:30:00-04:00,-0.72479278722912,0.6889669190756865,-1.0,-1.8369701987210294e-16,0.6400000000000006,0,-1,46.56,47.35865169477958,45.36202245783063
46.8,46.82,46.61,46.7,51077.0,TNL,44.8604,43.44975,0.3891636133105839,68.92336444759357,2.592267135325131,-0.4802328302923607,0.0551757930726365,46.72638841904036,44.98561158095964,88.88888888888906,92.79171644763056,46.18633333333333,45.49633333333334,45.84133333333334,45.856,0.4464998379205171,1.8902582449542664,-11.111111111110942,30.0,2024-09-27 11:00:00-04:00,-0.72479278722912,0.6889669190756865,-1.0,-1.8369701987210294e-16,0.1400000000000005,0,-1,46.7,47.47832722662117,45.53250916006825
45.2,45.95,45.04,45.63,56932.0,WBS,43.7526,46.0718,0.4808445427483235,74.42129791319239,4.848345588235292,-0.5783939097722088,0.1505272151942655,44.813038048526906,42.9469619514731,89.22558922558923,92.69424402757735,44.272333333333336,43.46933333333333,43.87083333333333,43.88,0.4786384197301907,3.656204616809654,-10.774410774410764,34.0,2024-08-15 09:30:00-04:00,0.1011683219874327,-0.994869323391895,-0.8660254037844384,-0.5000000000000004,1.480000000000004,-1,-1,45.63,46.59168908549665,44.18746637175503
45.54,46.0,45.48,45.86,94082.0,WBS,43.849,46.0976,0.486238406757483,74.99050873912252,4.46469248291572,0.2562356459969022,0.2292343002289517,45.501653426729455,42.64834657327055,94.73684210526314,89.41787302343862,44.45466666666667,43.65266666666666,44.05366666666667,44.075,0.7318577658762616,2.438998509311158,-5.26315789473687,34.0,2024-08-15 11:00:00-04:00,0.1011683219874327,-0.994869323391895,-0.8660254037844384,-0.5000000000000004,0.3200000000000003,0,-1,45.86,46.832476813514965,44.40128477972755
46.52,47.45,46.47,46.88,197181.0,WBS,45.2658,46.1664,0.4582495197811644,77.46775056261484,3.923741964087792,-0.1420235748691373,0.1797124093396014,46.313299261792544,44.09170073820746,80.41237113402063,81.73214143005573,45.60783333333333,44.81483333333333,45.211333333333336,45.2025,0.5698279980556596,2.9438707921054927,-19.587628865979365,34.0,2024-08-23 11:00:00-04:00,-0.9987165071710528,-0.0506491688387135,-0.8660254037844384,-0.5000000000000004,1.3200000000000005,-1,-1,46.88,47.796499039562335,45.50525144065651
47.42,47.72,47.35,47.67,41359.0,WBS,46.197399999999995,45.8618,0.4283680305733156,66.95045309392654,2.1864951768488816,0.5920779120794519,0.0816371101103444,47.52398987075529,45.82101012924471,96.79487179487198,94.00204646683524,47.08716666666667,46.24216666666667,46.66466666666667,46.6725,0.4368050872073534,2.283627249804635,-3.2051282051280183,34.0,2024-08-29 13:00:00-04:00,-0.3943558551133187,0.9189578116202306,-0.8660254037844384,-0.5000000000000004,0.25,0,-1,47.67,48.526736061146636,46.38489590828006
44.79,45.41,44.72,45.39,54661.0,WBS,44.15860000000001,45.01969999999999,0.4815697434478739,65.16974456911166,4.177186137250402,0.1874565519638511,0.1655886270101786,45.046582397359714,43.08041760264028,98.97435897435918,90.8236525379383,44.45916666666667,43.61116666666667,44.03516666666667,44.0635,0.5043106290035206,2.6303233041529697,-1.025641025640824,34.0,2024-09-16 10:00:00-04:00,-0.101168321987432,-0.9948693233918952,-1.0,-1.8369701987210294e-16,0.6199999999999974,0,-1,45.39,46.35313948689575,43.94529076965638
45.39,45.57,45.24,45.51,46830.0,WBS,44.16439999999999,45.03415,0.470743333201597,66.24780949777977,4.141876430205938,-0.1432648506247599,0.1920918615095773,45.282470170692825,43.06152982930717,97.15639810426528,90.32929997858916,44.568333333333335,43.71933333333333,44.14383333333333,44.172,0.5696591778835727,2.3487728311005327,-2.8436018957347056,34.0,2024-09-16 11:00:00-04:00,-0.101168321987432,-0.9948693233918952,-1.0,-1.8369701987210294e-16,0.1199999999999974,0,-1,45.51,46.45148666640319,44.09777000039521
46.07,46.52,46.06,46.33,49549.0,WBS,44.2614,45.114,0.4315148473390759,71.55693007401409,3.6697247706422034,0.2972300764477955,0.1576614180569888,46.337484840959995,43.28651515904,92.63565891472852,93.1937415988466,45.167,44.397000000000006,44.782,44.812,0.7825572116295115,1.9397942763048384,-7.36434108527149,34.0,2024-09-17 11:00:00-04:00,-0.2993631229733582,-0.9541392564000488,-1.0,-1.8369701987210294e-16,0.269999999999996,0,-1,46.33,47.19302969467815,45.03545545798277
47.99,48.48,47.08,48.25,86210.0,WBS,44.821,45.296600000000005,0.597751954818681,77.99909659415022,4.709201388888893,-0.7645506908352019,0.1481842848951716,47.42140336100932,44.62759663899069,92.5566343042072,71.74790304471303,46.49183333333333,45.51583333333333,46.00383333333333,46.0245,0.7165963041752742,3.1056537509795135,-7.443365695792788,34.0,2024-09-19 09:30:00-04:00,-0.651372482722222,-0.7587581226927911,-1.0,-1.8369701987210294e-16,1.1300000000000026,0,-1,48.25,49.44550390963736,46.45674413554396
94.8,96.5,94.8,96.5,9897.0,BPMC,93.9844,98.32795,0.970295391041671,68.54657954392029,1.6324381253291176,-0.8077169668356938,0.239924235885777,95.9868477295214,92.1451522704786,100.0,88.62650625583031,94.91033333333333,93.17433333333334,94.04233333333336,94.066,0.9853740940704366,2.470127857680425,-0.0,0.0,2024-09-03 09:30:00-04:00,0.5712682150947923,0.8207634412072763,-1.0,-1.8369701987210294e-16,1.1299999999999957,0,-1,96.5,98.44059078208335,93.58911382687499
91.74,91.74,90.82,91.31,6850.0,BPMC,86.635,91.37115,1.2483302543593788,69.22875948606634,5.268618860963809,-0.931291814197017,0.4034810735680839,90.41078879139651,84.48321120860349,92.9159802306426,79.72730609995317,88.44500000000001,86.39500000000001,87.42,87.447,1.520391570062719,2.54079282999487,-7.084019769357382,0.0,2024-09-19 09:30:00-04:00,-0.651372482722222,-0.7587581226927911,-1.0,-1.8369701987210294e-16,2.0,0,-1,91.31,93.80666050871876,87.56500923692187
92.91,93.19,92.29,92.33,25766.0,BPMC,86.914,91.39,1.304478637687423,69.74960966719081,6.690547723596016,-0.7392527525906736,0.559812363772198,92.24696974052496,83.91903025947504,83.35419274092617,88.96114651826593,89.18066666666667,86.91666666666667,88.04866666666666,88.083,2.136071406258121,1.9882294138470369,-16.64580725907383,0.0,2024-09-19 11:00:00-04:00,-0.651372482722222,-0.7587581226927911,-1.0,-1.8369701987210294e-16,1.019999999999996,-1,-1,92.33,94.93895727537485,88.41656408693773
93.52,94.32,93.45,94.09,94681.0,BPMC,90.19400000000002,90.6338,1.1730351221444424,73.1546831214402,8.236512136201538,0.2699653942109075,0.6610006534836171,93.06208342153056,85.58191657846943,96.89189189189204,94.496610012074,90.387,88.23100000000001,89.309,89.322,1.9186223127414683,2.485116517376019,-3.1081081081079733,0.0,2024-09-27 11:00:00-04:00,-0.72479278722912,0.6889669190756865,-1.0,-1.8369701987210294e-16,0.5100000000000051,0,-1,94.09,96.43607024428889,90.57089463356668
11.46,11.64,11.46,11.63,103627.0,CRGY,11.204399999999998,11.412249999999998,0.1197896910567393,75.77379937064421,4.680468046804693,-0.6972139841341729,0.0503484900481986,11.429237447871134,10.826762552128866,98.52941176470593,91.87091503267976,11.214666666666668,11.031666666666666,11.123166666666666,11.128,0.1545315501765815,3.2485275623416103,-1.4705882352940869,7.0,2024-08-26 09:30:00-04:00,-0.848644257494751,0.5289640103269624,-0.8660254037844384,-0.5000000000000004,0.370000000000001,0,-1,11.63,11.869579382113479,11.270630926829783
11.59,11.68,11.55,11.64,90732.0,CRGY,11.234199999999998,11.32405,0.1043737909064339,66.86773337443961,1.7482517482517577,-0.7477831088180843,0.0039772158086807,11.560976664245905,11.336023335754094,89.74358974358998,70.77474496829346,11.538833333333333,11.346833333333333,11.442833333333333,11.4485,0.0576993113155248,3.318930428004526,-10.256410256410025,7.0,2024-08-29 09:30:00-04:00,-0.3943558551133187,0.9189578116202306,-0.8660254037844384,-0.5000000000000004,0.120000000000001,0,-1,11.64,11.848747581812868,11.3268786272807
11.64,11.76,11.64,11.74,277929.0,CRGY,11.2466,11.322449999999998,0.1054899486988314,70.9517351597934,2.982456140350876,2.0631860864964953,0.0160256385994861,11.633197954936875,11.29580204506312,95.74468085106392,86.56060632725023,11.5565,11.3605,11.4585,11.4645,0.086540224903137,3.183490686653095,-4.255319148936073,7.0,2024-08-29 10:00:00-04:00,-0.3943558551133187,0.9189578116202306,-0.8660254037844384,-0.5000000000000004,0.0999999999999996,0,-1,11.74,11.950979897397662,11.423530153903506
11.73,11.89,11.73,11.85,192950.0,CRGY,11.2634,11.3216,0.109383523791772,74.65291483231148,3.5839160839160855,-0.3057579453745381,0.0291224474934814,11.722507927985266,11.249492072014736,93.3333333333332,92.94053464266236,11.582333333333333,11.375333333333334,11.478833333333332,11.486,0.1213260071046982,3.0001811539539527,-6.666666666666805,7.0,2024-08-29 11:00:00-04:00,-0.3943558551133187,0.9189578116202306,-0.8660254037844384,-0.5000000000000004,0.1099999999999994,0,-1,11.85,12.068767047583544,11.521849428624684
11.85,11.95,11.83,11.94,147638.0,CRGY,11.2842,11.321049999999998,0.1101418435209311,77.21134291668835,4.461942257217847,-0.2348380409432495,0.0408470788976117,11.81777856131717,11.20722143868283,98.48484848484853,95.85428755641522,11.609833333333333,11.396833333333332,11.503333333333334,11.5125,0.1566045976335583,2.7298049128820248,-1.5151515151514825,7.0,2024-08-29 12:00:00-04:00,-0.3943558551133187,0.9189578116202306,-0.8660254037844384,-0.5000000000000004,0.0899999999999998,0,-1,11.94,12.160283687041861,11.609574469437206
10.96,11.1,10.95,11.1,181866.0,CRGY,10.5572,11.02895,0.1242608314977931,68.67837094309854,3.6414565826330416,0.3612011346710875,0.0308805165411519,11.049581274835049,10.560418725164952,100.0,85.60606060606068,10.921,10.675999999999998,10.7985,10.805,0.1254675466530744,2.3512056134778287,-0.0,7.0,2024-09-17 14:00:00-04:00,-0.2993631229733582,-0.9541392564000488,-1.0,-1.8369701987210294e-16,0.1399999999999988,0,-1,11.1,11.348521662995585,10.727217505506621
11.45,11.53,11.38,11.45,101455.0,CRGY,10.661,11.058800000000002,0.1679768647155107,71.02615901679938,4.470802919708015,-0.8005578992478779,0.0280146328025837,11.346502311749772,10.589497688250228,89.33333333333333,76.74747474747473,11.099333333333334,10.819333333333333,10.959333333333332,10.968,0.1941675890347262,2.4823916411394245,-10.666666666666677,7.0,2024-09-19 09:30:00-04:00,-0.651372482722222,-0.7587581226927911,-1.0,-1.8369701987210294e-16,0.3399999999999998,0,-1,11.45,11.785953729431021,10.946069405853468
11.51,11.74,11.44,11.71,105835.0,CRGY,10.998399999999998,11.12415,0.163051184169527,68.59493659470337,1.5611448395490155,-0.8944962816755389,-0.0027724520240042,11.75232533816476,11.02967466183524,93.87755102040828,76.13953794078022,11.540666666666668,11.228666666666664,11.384666666666666,11.391,0.1853559875084466,1.721012654017794,-6.122448979591703,7.0,2024-09-23 09:30:00-04:00,-0.9987165071710528,-0.0506491688387135,-1.0,-1.8369701987210294e-16,0.1700000000000017,0,-1,11.71,12.036102368339055,11.22084644749142
11.98,12.23,11.98,12.23,9686.0,LINC,11.87556,12.800184000000002,0.1297977309673562,67.20954780334536,6.209292227529308,2.462996067214873,0.0557120060737569,12.195652385067811,11.35814761493219,100.0,91.95238095238096,11.891763333333332,11.663873333333331,11.777818333333332,11.7769,0.2148154409818008,2.1092524723973907,-0.0,20.0,2024-08-22 09:30:00-04:00,-0.968077118866204,-0.2506525322587213,-0.8660254037844384,-0.5000000000000004,0.3290000000000006,0,-1,12.23,12.489595461934712,11.840606807097933
12.26,12.27,12.15,12.235,2435.0,LINC,11.88556,12.7995215,0.1290978930411164,67.36007757378925,4.976404976404977,-0.7486062358042536,0.0641139953449642,12.259947365433112,11.332852634566889,96.3157894736842,94.53383458646614,11.910263333333337,11.680373333333334,11.795318333333334,11.7964,0.2377947810502394,1.8444475444872577,-3.684210526315807,20.0,2024-08-22 10:00:00-04:00,-0.968077118866204,-0.2506525322587213,-0.8660254037844384,-0.5000000000000004,0.004999999999999,0,-1,12.235,12.493195786082232,11.84770632087665
12.56,12.67,12.56,12.645,6037.0,LINC,11.95946,12.791922,0.139183262893915,74.7235529130703,6.2515754978573215,-0.3313766751578247,0.0644399103766585,12.62961509147761,11.49518490852239,96.83544303797464,94.23184587864448,12.167303333333331,11.940583333333333,12.053943333333333,12.0624,0.2909752024160142,2.0022324760411783,-3.164556962025365,20.0,2024-08-23 11:00:00-04:00,-0.9987165071710528,-0.0506491688387135,-0.8660254037844384,-0.5000000000000004,0.3249999999999993,0,-1,12.645,12.923366525787829,12.227450211318255
12.63,12.675,12.61,12.67,1799.0,LINC,11.97286,12.792272,0.1338844584014926,75.2756543800354,3.597710547833193,-0.7020043067748882,0.0671530534777381,12.687863757099429,11.552436242900573,99.37106918238985,95.3167006546514,12.223886666666669,11.999666666666666,12.111776666666666,12.12015,0.2912310124824717,1.8880200817661712,-0.6289308176101612,20.0,2024-08-23 12:00:00-04:00,-0.9987165071710528,-0.0506491688387135,-0.8660254037844384,-0.5000000000000004,0.0250000000000003,0,-1,12.67,12.937768916802986,12.268346624795521
12.22,12.27,12.16,12.24,859.0,LINC,11.805614,12.0174325,0.1086206241571881,68.29451297625863,3.50951374207189,-0.8284744408945687,0.0457063647869531,12.243666789977164,11.453543210022834,95.94594594594604,90.83444099837544,11.923141666666668,11.768521666666668,11.845831666666667,11.848605,0.202662422126291,1.9312657763268,-4.0540540540539665,20.0,2024-09-13 09:30:00-04:00,0.485301962531081,-0.8743466161445821,-1.0,-1.8369701987210294e-16,0.1630000000000002,0,-1,12.24,12.457241248314377,11.914138127528435
12.21,12.42,12.21,12.39,2592.0,LINC,11.822916,12.0119075,0.1153412524620653,71.42422781636864,4.205214465937763,0.6200000000000001,0.0512522912948369,12.364417735834891,11.466782264165108,96.1038961038962,93.99263320126636,11.99514,11.82252,11.90883,11.9156,0.2302386404992361,2.0604708183271914,-3.8961038961038152,20.0,2024-09-13 11:00:00-04:00,0.485301962531081,-0.8743466161445821,-1.0,-1.8369701987210294e-16,0.1900000000000012,0,-1,12.39,12.620682504924131,12.043976242613805
12.49,12.64,12.49,12.64,2422.0,LINC,11.865516,12.0194075,0.1116891206982166,76.25875619056355,4.290429042904302,-0.6022988505747127,0.0465645902305944,12.627261208103947,11.58893879189605,100.0,93.312055176462,12.179473333333334,12.010853333333332,12.095163333333334,12.1081,0.2663240803785137,1.9971907881707056,-0.0,20.0,2024-09-16 09:30:00-04:00,-0.101168321987432,-0.9948693233918952,-1.0,-1.8369701987210294e-16,0.2300000000000004,0,-1,12.64,12.863378241396434,12.30493263790535
8.37,8.58,8.37,8.57,135106.0,GNL,8.263200000000001,8.40965,0.0726322005297228,76.59191072832584,3.004807692307692,3.0983437481041074,0.0183463433468962,8.440479308868351,8.15052069113165,97.1428571428572,80.0,8.3605,8.2315,8.296000000000001,8.2955,0.0743728161995976,3.6908646737715527,-2.857142857142799,14.0,2024-08-23 10:00:00-04:00,-0.9987165071710528,-0.0506491688387135,-0.8660254037844384,-0.5000000000000004,0.200000000000001,0,-1,8.57,8.715264401059446,8.352103398410831
16.21,16.29,16.2,16.29,1339.0,GNE,15.8876,16.2473,0.1323738130461154,67.97164780215971,1.4953271028037285,-0.3257804632426989,0.0306541816783342,16.276192731746896,15.637807268253107,100.0,93.28063241106744,16.075,15.839000000000002,15.957,15.957000000000004,0.1637424164576179,2.033681969547507,-0.0,13.0,2024-08-19 11:00:00-04:00,-0.651372482722222,-0.7587581226927911,-0.8660254037844384,-0.5000000000000004,0.0999999999999978,0,-1,16.29,16.55474762609223,15.892878560861654
16.37,16.42,16.37,16.42,509.0,GNE,15.8972,16.25265,0.132204254971393,71.93165674270134,2.753441802252824,-0.619865571321882,0.0422915458672757,16.35492988383551,15.624070116164484,100.0,97.8260869565219,16.0995,15.8745,15.987,15.989499999999998,0.1874615750101148,2.296470623255862,-0.0,13.0,2024-08-19 12:00:00-04:00,-0.651372482722222,-0.7587581226927911,-0.8660254037844384,-0.5000000000000004,0.1300000000000025,0,-1,16.42,16.684408509942788,16.023387235085824
16.47,16.56,16.47,16.48,3385.0,GNE,16.1076,16.2703,0.1128349137222878,66.17813777646367,1.6656384947563203,0.2959418070444104,0.0197282634091675,16.43307358333816,15.987926416661846,84.61538461538493,85.67639257294455,16.290166666666664,16.115166666666667,16.202666666666666,16.210500000000003,0.1141778391254852,2.360352955215834,-15.384615384615069,13.0,2024-08-23 11:00:00-04:00,-0.9987165071710528,-0.0506491688387135,-0.8660254037844384,-0.5000000000000004,0.0399999999999991,-1,-1,16.48,16.705669827444577,16.14149525883314
16.61,16.62,16.5,16.62,1174.0,GNE,16.1794,16.2656,0.1115189794815577,69.738189819071,3.2298136645962705,-0.7968858131487889,0.0309006807132851,16.591268003581636,15.983731996418369,100.0,83.84866767219727,16.36716666666667,16.190166666666666,16.278666666666666,16.2875,0.1558296978654408,2.133739618022707,-0.0,13.0,2024-08-26 09:30:00-04:00,-0.848644257494751,0.5289640103269624,-0.8660254037844384,-0.5000000000000004,0.1600000000000001,0,-1,16.62,16.843037958963116,16.285443061555327
16.6,16.66,16.59,16.66,1001.0,GNE,16.2128,16.264300000000002,0.117075038430527,70.3425431190607,3.221809169764557,-0.6702898550724637,0.0351089818196751,16.68836358012188,15.95363641987812,89.70588235294113,90.19607843137256,16.409666666666666,16.213666666666665,16.311666666666667,16.321,0.1884535402747746,1.7988518523224328,-10.29411764705887,13.0,2024-08-26 11:00:00-04:00,-0.848644257494751,0.5289640103269624,-0.8660254037844384,-0.5000000000000004,0.0599999999999987,0,-1,16.66,16.894150076861052,16.30877488470842
17.59,17.77,17.59,17.77,3217.0,GNE,16.8578,16.2824,0.1910030687309158,70.44920963553045,3.978935049736686,-0.2985172263410379,0.0456706572971047,17.694642748615042,16.519357251384957,100.0,88.09523809523806,17.246333333333332,16.93933333333333,17.092833333333335,17.107,0.301454369419426,2.1993378343690244,-0.0,13.0,2024-09-13 10:00:00-04:00,0.485301962531081,-0.8743466161445821,-1.0,-1.8369701987210294e-16,0.5199999999999996,0,-1,17.77,18.152006137461832,17.196990793807252
